Date,Campaign,Cost
2023-02-01,US Common_,"89,22"
2023-02-01,NZ Common_,"21,54"
2023-02-01,DE Common_,"18,15"
2023-02-01,UK Common_,"11,21"
2023-02-01,FR Common_,"7,83"
2023-02-01,AU SKAG_,"7,24"
2023-02-01,CA Common_,"6,02"
2023-02-01,JP Common_,"5,15"
2023-02-01,GR SKAG,"5,05"
2023-02-01,NL Common_,"4,10"
2023-02-01,ZA Discovery,"3,84"
2023-02-01,MX SKAG,"3,39"
2023-02-01,IL Discovery,"3,20"
2023-02-01,MY SKAG,"2,90"
2023-02-01,PL SKAG,"2,83"
2023-02-01,ID SKAG,"2,57"
2023-02-01,AU Discovery,"2,48"
2023-02-01,CH Common_,"2,33"
2023-02-01,AR Discovery,"2,30"
2023-02-01,SA SKAG,"1,91"
2023-02-01,SP Common_,"1,91"
2023-02-01,VN SKAG,"1,84"
2023-02-01,CZ SKAG,"1,72"
2023-02-01,DK SKAG,"1,68"
2023-02-01,PL Discovery,"1,52"
2023-02-01,EG Discovery,"1,50"
2023-02-01,IT Common_,"1,49"
2023-02-01,PH SKAG,"1,32"
2023-02-01,HK Discovery,"1,30"
2023-02-01,KR SKAG_,"1,17"
2023-02-01,AT Common_,"1,07"
2023-02-01,NW Common_,"1,06"
2023-02-01,TH Discovery,"1,03"
2023-02-01,CZ Discovery,"0,99"
2023-02-01,BE SKAG,"0,97"
2023-02-01,LB Discovery,"0,96"
2023-02-01,BE Discovery,"0,95"
2023-02-01,DK Discovery,"0,91"
2023-02-01,ZA SKAG,"0,89"
2023-02-01,ID Discovery,"0,87"
2023-02-01,KH Discovery,"0,87"
2023-02-01,UA Discovery,"0,82"
2023-02-01,JO Discovery,"0,78"
2023-02-01,CL Common_,"0,75"
2023-02-01,CO Discovery,"0,73"
2023-02-01,AR Skag,"0,71"
2023-02-01,MY Discovery,"0,70"
2023-02-01,KZ Discovery,"0,68"
2023-02-01,US_prod_page,"0,67"
2023-02-01,SE Discovery,"0,67"
2023-02-01,TH SKAG,"0,64"
2023-02-01,UA SKAG,"0,59"
2023-02-01,PK Discovery,"0,52"
2023-02-01,QA Discovery,"0,46"
2023-02-01,IL SKAG,"0,44"
2023-02-01,RO SKAG,"0,41"
2023-02-01,AL Discovery,"0,40"
2023-02-01,FI Discovery,"0,40"
2023-02-01,MX Discovery,"0,38"
2023-02-01,GR Discovery,"0,35"
2023-02-01,SG Discovery,"0,34"
2023-02-01,RO Discovery,"0,33"
2023-02-01,TW SKAG,"0,31"
2023-02-01,KW Discovery,"0,31"
2023-02-01,OM Discovery,"0,29"
2023-02-01,VN Discovery,"0,28"
2023-02-01,HR SKAG,"0,25"
2023-02-01,IN Discovery,"0,24"
2023-02-01,IE SKAG,"0,21"
2023-02-01,TW Discovery,"0,18"
2023-02-01,IN SKAG,"0,17"
2023-02-01,LB SKAG,"0,16"
2023-02-01,UAE Common_,"0,13"
2023-02-01,IE Discovery,"0,11"
2023-02-01,EG SKAG,"0,11"
2023-02-01,NZ_product_page,"0,11"
2023-02-01,AU_product_page,"0,11"
2023-02-01,QA SKAG,"0,10"
2023-02-01,CO SKAG,"0,10"
2023-02-01,PH Discovery,"0,09"
2023-02-01,SA Discovery,"0,09"
2023-02-01,US Search Tab_Return,"0,09"
2023-02-01,OM SKAG,"0,08"
2023-02-01,DE_prod_page,"0,08"
2023-02-01,HU Discovery,"0,08"
2023-02-01,PE Discovery,"0,07"
2023-02-01,AZ Discovery,"0,07"
2023-02-01,KZ SKAG,"0,07"
2023-02-01,MO Discovery,"0,07"
2023-02-01,EC Discovery,"0,06"
2023-02-01,HR Discovery,"0,06"
2023-02-01,HU SKAG,"0,04"
2023-02-01,PE SKAG,"0,04"
2023-02-01,KW SKAG,"0,03"
2023-02-01,JO SKAG,"0,03"
2023-02-01,HK SKAG,"0,02"
2023-02-01,PT Common_,"0,02"
2023-02-01,SE SKAG,"0,02"
2023-02-01,AZ SKAG,"0,01"
2023-02-01,EC SKAG,"0,01"
2023-02-02,US Common_,"81,65"
2023-02-02,NZ Common_,"17,61"
2023-02-02,DE Common_,"14,90"
2023-02-02,CA Common_,"13,26"
2023-02-02,UK Common_,"10,68"
2023-02-02,GR SKAG,"6,52"
2023-02-02,FR Common_,"5,93"
2023-02-02,ZA Discovery,"4,71"
2023-02-02,AU SKAG_,"4,20"
2023-02-02,SP Common_,"4,19"
2023-02-02,JP Common_,"3,59"
2023-02-02,PL Discovery,"2,79"
2023-02-02,MX SKAG,"2,49"
2023-02-02,NL Common_,"2,37"
2023-02-02,IT Common_,"2,31"
2023-02-02,CH Common_,"2,13"
2023-02-02,ID SKAG,"2,11"
2023-02-02,AU Discovery,"2,10"
2023-02-02,MY SKAG,"2,04"
2023-02-02,AR Discovery,"2,01"
2023-02-02,IL Discovery,"1,75"
2023-02-02,SA SKAG,"1,70"
2023-02-02,PL SKAG,"1,63"
2023-02-02,DK SKAG,"1,58"
2023-02-02,CL Common_,"1,44"
2023-02-02,ZA SKAG,"1,38"
2023-02-02,VN SKAG,"1,32"
2023-02-02,PH SKAG,"1,26"
2023-02-02,LB Discovery,"1,21"
2023-02-02,UA Discovery,"1,16"
2023-02-02,AT Common_,"1,15"
2023-02-02,TH SKAG,"1,06"
2023-02-02,CZ SKAG,"1,00"
2023-02-02,ID Discovery,"0,95"
2023-02-02,TH Discovery,"0,94"
2023-02-02,HK Discovery,"0,87"
2023-02-02,KZ Discovery,"0,85"
2023-02-02,KR SKAG_,"0,80"
2023-02-02,AL Discovery,"0,79"
2023-02-02,CZ Discovery,"0,65"
2023-02-02,NW Common_,"0,65"
2023-02-02,IN SKAG,"0,64"
2023-02-02,MY Discovery,"0,63"
2023-02-02,DE_prod_page,"0,58"
2023-02-02,SE Discovery,"0,58"
2023-02-02,EG Discovery,"0,55"
2023-02-02,UK_prod_page,"0,54"
2023-02-02,KH Discovery,"0,48"
2023-02-02,AR Skag,"0,48"
2023-02-02,SG SKAG,"0,47"
2023-02-02,AZ Discovery,"0,45"
2023-02-02,PK Discovery,"0,45"
2023-02-02,US_prod_page,"0,42"
2023-02-02,HK SKAG,"0,42"
2023-02-02,CO Discovery,"0,41"
2023-02-02,UA SKAG,"0,40"
2023-02-02,IL SKAG,"0,39"
2023-02-02,FI Discovery,"0,39"
2023-02-02,MX Discovery,"0,38"
2023-02-02,QA Discovery,"0,38"
2023-02-02,KW Discovery,"0,36"
2023-02-02,DK Discovery,"0,34"
2023-02-02,GR Discovery,"0,34"
2023-02-02,IE Discovery,"0,33"
2023-02-02,BE SKAG,"0,31"
2023-02-02,AU_product_page,"0,31"
2023-02-02,SE SKAG,"0,29"
2023-02-02,HU SKAG,"0,29"
2023-02-02,RO SKAG,"0,28"
2023-02-02,FI SKAG,"0,24"
2023-02-02,CO SKAG,"0,22"
2023-02-02,PH Discovery,"0,22"
2023-02-02,IE SKAG,"0,21"
2023-02-02,VN Discovery,"0,19"
2023-02-02,IN Discovery,"0,18"
2023-02-02,SG Discovery,"0,18"
2023-02-02,HR SKAG,"0,17"
2023-02-02,UAE Common_,"0,17"
2023-02-02,US Search Tab_Return,"0,14"
2023-02-02,OM Discovery,"0,13"
2023-02-02,BE Discovery,"0,10"
2023-02-02,EC SKAG,"0,08"
2023-02-02,TW Discovery,"0,08"
2023-02-02,LB SKAG,"0,08"
2023-02-02,PE SKAG,"0,08"
2023-02-02,PE Discovery,"0,08"
2023-02-02,HU Discovery,"0,08"
2023-02-02,OM SKAG,"0,07"
2023-02-02,SA Discovery,"0,07"
2023-02-02,EC Discovery,"0,07"
2023-02-02,EG SKAG,"0,07"
2023-02-02,MO Discovery,"0,07"
2023-02-02,JO Discovery,"0,07"
2023-02-02,QA SKAG,"0,07"
2023-02-02,RO Discovery,"0,06"
2023-02-02,KZ SKAG,"0,05"
2023-02-02,PT Common_,"0,04"
2023-02-02,KW SKAG,"0,03"
2023-02-02,MO SKAG,"0,02"
2023-02-02,AZ SKAG,"0,01"
2023-02-02,PK SKAG,"0,01"
2023-02-02,KH SKAG,"0,01"
2023-02-03,US Common_,"113,46"
2023-02-03,CA Common_,"17,53"
2023-02-03,DE Common_,"16,94"
2023-02-03,NZ Common_,"14,76"
2023-02-03,UK Common_,"10,53"
2023-02-03,GR SKAG,"9,64"
2023-02-03,AU SKAG_,"9,03"
2023-02-03,ZA Discovery,"6,29"
2023-02-03,FR Common_,"4,73"
2023-02-03,MX SKAG,"4,24"
2023-02-03,PL Discovery,"4,22"
2023-02-03,CL Common_,"4,21"
2023-02-03,SP Common_,"3,80"
2023-02-03,JP Common_,"3,72"
2023-02-03,NL Common_,"3,43"
2023-02-03,AU Discovery,"2,96"
2023-02-03,IT Common_,"2,94"
2023-02-03,IL Discovery,"2,92"
2023-02-03,CZ Discovery,"2,86"
2023-02-03,CZ SKAG,"2,45"
2023-02-03,ID SKAG,"2,21"
2023-02-03,PL SKAG,"1,92"
2023-02-03,DK SKAG,"1,57"
2023-02-03,AT Common_,"1,56"
2023-02-03,VN SKAG,"1,31"
2023-02-03,CH Common_,"1,29"
2023-02-03,AR Discovery,"1,22"
2023-02-03,NW Common_,"1,17"
2023-02-03,IL SKAG,"1,13"
2023-02-03,TH Discovery,"1,10"
2023-02-03,SE SKAG,"1,08"
2023-02-03,SA SKAG,"1,08"
2023-02-03,EG Discovery,"0,93"
2023-02-03,ID Discovery,"0,92"
2023-02-03,ZA SKAG,"0,92"
2023-02-03,RO SKAG,"0,87"
2023-02-03,AL Discovery,"0,83"
2023-02-03,QA Discovery,"0,80"
2023-02-03,HK SKAG,"0,80"
2023-02-03,TH SKAG,"0,80"
2023-02-03,UA Discovery,"0,77"
2023-02-03,KR SKAG_,"0,75"
2023-02-03,CO Discovery,"0,71"
2023-02-03,HU Discovery,"0,68"
2023-02-03,KZ Discovery,"0,66"
2023-02-03,PK Discovery,"0,64"
2023-02-03,JO SKAG,"0,62"
2023-02-03,SE Discovery,"0,61"
2023-02-03,MY SKAG,"0,61"
2023-02-03,LB Discovery,"0,60"
2023-02-03,SG SKAG,"0,59"
2023-02-03,US_prod_page,"0,53"
2023-02-03,MY Discovery,"0,52"
2023-02-03,MX Discovery,"0,46"
2023-02-03,HK Discovery,"0,44"
2023-02-03,UA SKAG,"0,43"
2023-02-03,GR Discovery,"0,39"
2023-02-03,KH Discovery,"0,39"
2023-02-03,FI SKAG,"0,38"
2023-02-03,AZ Discovery,"0,35"
2023-02-03,PH SKAG,"0,34"
2023-02-03,BE SKAG,"0,33"
2023-02-03,SG Discovery,"0,32"
2023-02-03,HR SKAG,"0,30"
2023-02-03,AL SKAG,"0,27"
2023-02-03,AU_product_page,"0,26"
2023-02-03,HU SKAG,"0,25"
2023-02-03,IN Discovery,"0,24"
2023-02-03,AR Skag,"0,24"
2023-02-03,US Search Tab_Return,"0,23"
2023-02-03,IE SKAG,"0,23"
2023-02-03,EG SKAG,"0,22"
2023-02-03,BE Discovery,"0,22"
2023-02-03,DK Discovery,"0,22"
2023-02-03,OM Discovery,"0,20"
2023-02-03,CO SKAG,"0,16"
2023-02-03,PH Discovery,"0,16"
2023-02-03,IN SKAG,"0,14"
2023-02-03,VN Discovery,"0,14"
2023-02-03,DE_prod_page,"0,13"
2023-02-03,KW Discovery,"0,13"
2023-02-03,UK_prod_page,"0,12"
2023-02-03,MO Discovery,"0,12"
2023-02-03,HR Discovery,"0,12"
2023-02-03,UAE Common_,"0,10"
2023-02-03,SA Discovery,"0,08"
2023-02-03,PT Common_,"0,07"
2023-02-03,PE SKAG,"0,07"
2023-02-03,TW SKAG,"0,06"
2023-02-03,EC Discovery,"0,06"
2023-02-03,LB SKAG,"0,06"
2023-02-03,RO Discovery,"0,05"
2023-02-03,EC SKAG,"0,04"
2023-02-03,TW Discovery,"0,04"
2023-02-03,JO Discovery,"0,04"
2023-02-03,QA SKAG,"0,03"
2023-02-03,OM SKAG,"0,03"
2023-02-03,PE Discovery,"0,03"
2023-02-03,MO SKAG,"0,02"
2023-02-03,PK SKAG,"0,01"
2023-02-03,AZ SKAG,"0,01"
2023-02-04,US Common_,"119,75"
2023-02-04,NZ Common_,"23,14"
2023-02-04,GR SKAG,"21,90"
2023-02-04,DE Common_,"16,77"
2023-02-04,UK Common_,"16,69"
2023-02-04,CA Common_,"15,85"
2023-02-04,FR Common_,"7,42"
2023-02-04,AU SKAG_,"6,55"
2023-02-04,JP Common_,"4,69"
2023-02-04,CH Common_,"4,31"
2023-02-04,SP Common_,"4,25"
2023-02-04,MX SKAG,"3,92"
2023-02-04,NL Common_,"3,68"
2023-02-04,PL Discovery,"3,57"
2023-02-04,PL SKAG,"3,56"
2023-02-04,ZA Discovery,"3,52"
2023-02-04,IL Discovery,"3,46"
2023-02-04,IT Common_,"3,15"
2023-02-04,AU Discovery,"2,93"
2023-02-04,CL Common_,"2,92"
2023-02-04,ID SKAG,"2,30"
2023-02-04,HK Discovery,"2,06"
2023-02-04,SA SKAG,"1,90"
2023-02-04,CZ Discovery,"1,72"
2023-02-04,NW Common_,"1,44"
2023-02-04,BE Discovery,"1,23"
2023-02-04,DK SKAG,"1,21"
2023-02-04,UA Discovery,"1,13"
2023-02-04,MY SKAG,"1,09"
2023-02-04,GR Discovery,"1,03"
2023-02-04,TH Discovery,"1,03"
2023-02-04,AR Discovery,"1,00"
2023-02-04,AR Skag,"0,89"
2023-02-04,IN SKAG,"0,89"
2023-02-04,KR SKAG_,"0,84"
2023-02-04,CZ SKAG,"0,83"
2023-02-04,EG Discovery,"0,83"
2023-02-04,SE Discovery,"0,79"
2023-02-04,AT Common_,"0,79"
2023-02-04,KZ Discovery,"0,72"
2023-02-04,LB Discovery,"0,71"
2023-02-04,HR SKAG,"0,71"
2023-02-04,PH SKAG,"0,65"
2023-02-04,AU_product_page,"0,65"
2023-02-04,TH SKAG,"0,63"
2023-02-04,ZA SKAG,"0,60"
2023-02-04,HU Discovery,"0,59"
2023-02-04,QA Discovery,"0,58"
2023-02-04,PK Discovery,"0,54"
2023-02-04,HK SKAG,"0,54"
2023-02-04,AL Discovery,"0,54"
2023-02-04,BE SKAG,"0,53"
2023-02-04,ID Discovery,"0,51"
2023-02-04,RO SKAG,"0,50"
2023-02-04,JO Discovery,"0,50"
2023-02-04,IE Discovery,"0,47"
2023-02-04,SE SKAG,"0,46"
2023-02-04,VN SKAG,"0,43"
2023-02-04,UA SKAG,"0,41"
2023-02-04,MY Discovery,"0,37"
2023-02-04,MX Discovery,"0,32"
2023-02-04,CO Discovery,"0,31"
2023-02-04,SG Discovery,"0,30"
2023-02-04,PH Discovery,"0,28"
2023-02-04,US_prod_page,"0,27"
2023-02-04,RO Discovery,"0,25"
2023-02-04,CO SKAG,"0,22"
2023-02-04,KH Discovery,"0,22"
2023-02-04,AZ Discovery,"0,22"
2023-02-04,UK_prod_page,"0,22"
2023-02-04,IL SKAG,"0,21"
2023-02-04,IN Discovery,"0,20"
2023-02-04,IE SKAG,"0,19"
2023-02-04,VN Discovery,"0,19"
2023-02-04,DK Discovery,"0,17"
2023-02-04,HU SKAG,"0,17"
2023-02-04,DE_prod_page,"0,17"
2023-02-04,EG SKAG,"0,17"
2023-02-04,PE Discovery,"0,17"
2023-02-04,KH SKAG,"0,14"
2023-02-04,EC Discovery,"0,14"
2023-02-04,SA Discovery,"0,14"
2023-02-04,PK SKAG,"0,14"
2023-02-04,JO SKAG,"0,14"
2023-02-04,UAE Common_,"0,12"
2023-02-04,TW Discovery,"0,12"
2023-02-04,OM Discovery,"0,11"
2023-02-04,FI SKAG,"0,11"
2023-02-04,OM SKAG,"0,11"
2023-02-04,HR Discovery,"0,10"
2023-02-04,QA SKAG,"0,10"
2023-02-04,FI Discovery,"0,10"
2023-02-04,PT Common_,"0,08"
2023-02-04,KW SKAG,"0,07"
2023-02-04,KW Discovery,"0,06"
2023-02-04,AL SKAG,"0,06"
2023-02-04,LB SKAG,"0,05"
2023-02-04,NZ_product_page,"0,03"
2023-02-04,MO SKAG,"0,02"
2023-02-04,KZ SKAG,"0,02"
2023-02-04,US Search Tab_Return,"0,00"
2023-02-05,US Common_,"113,40"
2023-02-05,NZ Common_,"27,61"
2023-02-05,GR SKAG,"21,60"
2023-02-05,DE Common_,"17,47"
2023-02-05,UK Common_,"15,08"
2023-02-05,SA SKAG,"10,76"
2023-02-05,FR Common_,"8,32"
2023-02-05,CA Common_,"8,09"
2023-02-05,AU SKAG_,"6,37"
2023-02-05,IT Common_,"5,19"
2023-02-05,SP Common_,"5,10"
2023-02-05,JP Common_,"3,90"
2023-02-05,CH Common_,"3,43"
2023-02-05,IL Discovery,"3,19"
2023-02-05,NL Common_,"2,97"
2023-02-05,AU Discovery,"2,80"
2023-02-05,MX SKAG,"2,66"
2023-02-05,ID SKAG,"2,56"
2023-02-05,MY SKAG,"2,33"
2023-02-05,IL SKAG,"2,13"
2023-02-05,UA Discovery,"2,10"
2023-02-05,ZA Discovery,"2,03"
2023-02-05,AR Discovery,"1,70"
2023-02-05,PL SKAG,"1,65"
2023-02-05,CL Common_,"1,57"
2023-02-05,VN SKAG,"1,50"
2023-02-05,GR Discovery,"1,48"
2023-02-05,PL Discovery,"1,47"
2023-02-05,CZ SKAG,"1,40"
2023-02-05,MX Discovery,"1,38"
2023-02-05,EG Discovery,"1,32"
2023-02-05,NW Common_,"1,29"
2023-02-05,HK Discovery,"1,28"
2023-02-05,KR SKAG_,"1,27"
2023-02-05,CZ Discovery,"1,26"
2023-02-05,PK Discovery,"1,19"
2023-02-05,LB Discovery,"1,16"
2023-02-05,AL Discovery,"1,12"
2023-02-05,BE Discovery,"1,02"
2023-02-05,AT Common_,"0,92"
2023-02-05,JO Discovery,"0,81"
2023-02-05,PH SKAG,"0,78"
2023-02-05,AR Skag,"0,71"
2023-02-05,TH Discovery,"0,70"
2023-02-05,HR SKAG,"0,67"
2023-02-05,ZA SKAG,"0,66"
2023-02-05,SE Discovery,"0,59"
2023-02-05,BE SKAG,"0,58"
2023-02-05,KZ Discovery,"0,57"
2023-02-05,US_prod_page,"0,54"
2023-02-05,KH Discovery,"0,53"
2023-02-05,CO Discovery,"0,53"
2023-02-05,DK Discovery,"0,52"
2023-02-05,SG SKAG,"0,51"
2023-02-05,EG SKAG,"0,49"
2023-02-05,MY Discovery,"0,49"
2023-02-05,SE SKAG,"0,43"
2023-02-05,IN SKAG,"0,42"
2023-02-05,QA Discovery,"0,41"
2023-02-05,UA SKAG,"0,40"
2023-02-05,ID Discovery,"0,39"
2023-02-05,SG Discovery,"0,36"
2023-02-05,DK SKAG,"0,34"
2023-02-05,RO SKAG,"0,32"
2023-02-05,TW SKAG,"0,32"
2023-02-05,IE Discovery,"0,30"
2023-02-05,AZ Discovery,"0,30"
2023-02-05,UK_prod_page,"0,26"
2023-02-05,DE_prod_page,"0,24"
2023-02-05,HU SKAG,"0,24"
2023-02-05,OM Discovery,"0,23"
2023-02-05,AU_product_page,"0,23"
2023-02-05,FI SKAG,"0,23"
2023-02-05,AL SKAG,"0,21"
2023-02-05,PH Discovery,"0,20"
2023-02-05,HU Discovery,"0,20"
2023-02-05,IN Discovery,"0,19"
2023-02-05,SA Discovery,"0,17"
2023-02-05,JO SKAG,"0,17"
2023-02-05,TW Discovery,"0,16"
2023-02-05,RO Discovery,"0,14"
2023-02-05,LB SKAG,"0,13"
2023-02-05,US Search Tab_Return,"0,12"
2023-02-05,PT Common_,"0,11"
2023-02-05,IE SKAG,"0,11"
2023-02-05,UAE Common_,"0,11"
2023-02-05,VN Discovery,"0,10"
2023-02-05,EC Discovery,"0,10"
2023-02-05,QA SKAG,"0,09"
2023-02-05,KW Discovery,"0,07"
2023-02-05,HR Discovery,"0,05"
2023-02-05,PK SKAG,"0,04"
2023-02-05,PE SKAG,"0,04"
2023-02-05,CO SKAG,"0,03"
2023-02-05,KZ SKAG,"0,03"
2023-02-05,PE Discovery,"0,02"
2023-02-05,AZ SKAG,"0,01"
2023-02-05,EC SKAG,"0,01"
2023-02-05,KH SKAG,"0,01"
2023-02-06,US Common_,"96,60"
2023-02-06,NZ Common_,"27,68"
2023-02-06,DE Common_,"15,40"
2023-02-06,UK Common_,"12,50"
2023-02-06,FR Common_,"7,76"
2023-02-06,GR SKAG,"7,53"
2023-02-06,ID SKAG,"6,43"
2023-02-06,CA Common_,"5,55"
2023-02-06,SP Common_,"5,54"
2023-02-06,MX Discovery,"4,47"
2023-02-06,IT Common_,"4,36"
2023-02-06,SA SKAG,"4,26"
2023-02-06,ZA Discovery,"4,04"
2023-02-06,JP Common_,"3,96"
2023-02-06,IL Discovery,"3,77"
2023-02-06,AU SKAG_,"3,47"
2023-02-06,PL SKAG,"2,73"
2023-02-06,IL SKAG,"2,68"
2023-02-06,DK SKAG,"2,56"
2023-02-06,AU Discovery,"2,54"
2023-02-06,MX SKAG,"2,50"
2023-02-06,NW Common_,"2,48"
2023-02-06,UA Discovery,"2,47"
2023-02-06,CH Common_,"2,28"
2023-02-06,MY SKAG,"2,21"
2023-02-06,NL Common_,"2,14"
2023-02-06,EG Discovery,"2,03"
2023-02-06,CL Common_,"1,53"
2023-02-06,AR Discovery,"1,52"
2023-02-06,HK Discovery,"1,39"
2023-02-06,ID Discovery,"1,35"
2023-02-06,LB Discovery,"1,34"
2023-02-06,HK SKAG,"1,31"
2023-02-06,VN SKAG,"1,22"
2023-02-06,JO Discovery,"1,22"
2023-02-06,IN SKAG,"1,08"
2023-02-06,PL Discovery,"1,07"
2023-02-06,KR SKAG_,"1,04"
2023-02-06,CZ SKAG,"1,01"
2023-02-06,AU_product_page,"0,90"
2023-02-06,CZ Discovery,"0,89"
2023-02-06,KZ Discovery,"0,88"
2023-02-06,BE Discovery,"0,85"
2023-02-06,ZA SKAG,"0,81"
2023-02-06,SE SKAG,"0,80"
2023-02-06,TH Discovery,"0,78"
2023-02-06,BE SKAG,"0,74"
2023-02-06,PH SKAG,"0,73"
2023-02-06,AT Common_,"0,70"
2023-02-06,AZ Discovery,"0,61"
2023-02-06,AR Skag,"0,58"
2023-02-06,SE Discovery,"0,56"
2023-02-06,AL Discovery,"0,54"
2023-02-06,QA Discovery,"0,53"
2023-02-06,US_prod_page,"0,52"
2023-02-06,CO Discovery,"0,48"
2023-02-06,DK Discovery,"0,48"
2023-02-06,UA SKAG,"0,47"
2023-02-06,HU SKAG,"0,41"
2023-02-06,FI SKAG,"0,41"
2023-02-06,PK Discovery,"0,35"
2023-02-06,GR Discovery,"0,34"
2023-02-06,LB SKAG,"0,30"
2023-02-06,MY Discovery,"0,29"
2023-02-06,HR SKAG,"0,29"
2023-02-06,NZ_product_page,"0,28"
2023-02-06,SA Discovery,"0,26"
2023-02-06,IE Discovery,"0,26"
2023-02-06,JO SKAG,"0,24"
2023-02-06,EG SKAG,"0,23"
2023-02-06,KH Discovery,"0,22"
2023-02-06,FI Discovery,"0,21"
2023-02-06,PH Discovery,"0,21"
2023-02-06,KW Discovery,"0,20"
2023-02-06,RO SKAG,"0,20"
2023-02-06,SG SKAG,"0,20"
2023-02-06,RO Discovery,"0,20"
2023-02-06,IE SKAG,"0,20"
2023-02-06,PE Discovery,"0,19"
2023-02-06,UAE Common_,"0,15"
2023-02-06,EC Discovery,"0,15"
2023-02-06,HU Discovery,"0,15"
2023-02-06,UK_prod_page,"0,15"
2023-02-06,VN Discovery,"0,14"
2023-02-06,SG Discovery,"0,11"
2023-02-06,HR Discovery,"0,11"
2023-02-06,CO SKAG,"0,11"
2023-02-06,TW SKAG,"0,10"
2023-02-06,IN Discovery,"0,09"
2023-02-06,EC SKAG,"0,07"
2023-02-06,OM SKAG,"0,06"
2023-02-06,OM Discovery,"0,04"
2023-02-06,AZ SKAG,"0,04"
2023-02-06,AL SKAG,"0,04"
2023-02-06,QA SKAG,"0,03"
2023-02-06,KZ SKAG,"0,03"
2023-02-06,PK SKAG,"0,02"
2023-02-06,US Search Tab_Return,"0,00"
2023-02-06,TW Discovery,"0,00"
2023-02-07,US Common_,"93,87"
2023-02-07,NZ Common_,"22,83"
2023-02-07,UK Common_,"12,88"
2023-02-07,DE Common_,"12,62"
2023-02-07,JP Common_,"8,60"
2023-02-07,CA Common_,"8,40"
2023-02-07,SP Common_,"6,96"
2023-02-07,ZA Discovery,"6,15"
2023-02-07,FR Common_,"5,54"
2023-02-07,GR SKAG,"5,50"
2023-02-07,AU SKAG_,"5,01"
2023-02-07,DK SKAG,"4,86"
2023-02-07,NW Common_,"4,23"
2023-02-07,MX SKAG,"3,70"
2023-02-07,IL Discovery,"3,01"
2023-02-07,CH Common_,"2,94"
2023-02-07,UA Discovery,"2,87"
2023-02-07,ID SKAG,"2,82"
2023-02-07,IT Common_,"2,75"
2023-02-07,SA SKAG,"2,72"
2023-02-07,AU Discovery,"2,63"
2023-02-07,AR Discovery,"2,23"
2023-02-07,MY SKAG,"2,02"
2023-02-07,EG Discovery,"1,68"
2023-02-07,MX Discovery,"1,63"
2023-02-07,NL Common_,"1,58"
2023-02-07,CL Common_,"1,52"
2023-02-07,PL Discovery,"1,38"
2023-02-07,KR SKAG_,"1,37"
2023-02-07,HK SKAG,"1,34"
2023-02-07,HK Discovery,"1,33"
2023-02-07,PH SKAG,"1,21"
2023-02-07,VN SKAG,"1,15"
2023-02-07,ZA SKAG,"1,13"
2023-02-07,IL SKAG,"1,11"
2023-02-07,LB Discovery,"1,11"
2023-02-07,KZ Discovery,"1,10"
2023-02-07,JO Discovery,"1,02"
2023-02-07,PL SKAG,"1,02"
2023-02-07,AZ Discovery,"0,89"
2023-02-07,AL Discovery,"0,88"
2023-02-07,CZ Discovery,"0,86"
2023-02-07,SE Discovery,"0,78"
2023-02-07,ID Discovery,"0,77"
2023-02-07,TH Discovery,"0,76"
2023-02-07,AR Skag,"0,68"
2023-02-07,CZ SKAG,"0,65"
2023-02-07,BE SKAG,"0,64"
2023-02-07,BE Discovery,"0,61"
2023-02-07,DE_prod_page,"0,53"
2023-02-07,IN SKAG,"0,50"
2023-02-07,KH Discovery,"0,50"
2023-02-07,AT Common_,"0,48"
2023-02-07,UA SKAG,"0,47"
2023-02-07,MY Discovery,"0,45"
2023-02-07,GR Discovery,"0,43"
2023-02-07,PK Discovery,"0,43"
2023-02-07,QA Discovery,"0,41"
2023-02-07,UK_prod_page,"0,38"
2023-02-07,DK Discovery,"0,34"
2023-02-07,UAE Common_,"0,33"
2023-02-07,US_prod_page,"0,33"
2023-02-07,HR SKAG,"0,32"
2023-02-07,CO Discovery,"0,31"
2023-02-07,AU_product_page,"0,31"
2023-02-07,TW SKAG,"0,30"
2023-02-07,SE SKAG,"0,30"
2023-02-07,OM Discovery,"0,30"
2023-02-07,PH Discovery,"0,27"
2023-02-07,RO Discovery,"0,26"
2023-02-07,IE Discovery,"0,25"
2023-02-07,HU SKAG,"0,24"
2023-02-07,IN Discovery,"0,20"
2023-02-07,EG SKAG,"0,17"
2023-02-07,NZ_product_page,"0,16"
2023-02-07,VN Discovery,"0,14"
2023-02-07,FI Discovery,"0,14"
2023-02-07,TH SKAG,"0,14"
2023-02-07,FI SKAG,"0,14"
2023-02-07,SA Discovery,"0,13"
2023-02-07,SG Discovery,"0,12"
2023-02-07,RO SKAG,"0,12"
2023-02-07,PE Discovery,"0,11"
2023-02-07,MO Discovery,"0,11"
2023-02-07,HU Discovery,"0,11"
2023-02-07,LB SKAG,"0,10"
2023-02-07,IE SKAG,"0,10"
2023-02-07,TW Discovery,"0,09"
2023-02-07,KW Discovery,"0,09"
2023-02-07,JO SKAG,"0,07"
2023-02-07,CO SKAG,"0,07"
2023-02-07,PT Common_,"0,07"
2023-02-07,OM SKAG,"0,05"
2023-02-07,QA SKAG,"0,05"
2023-02-07,AL SKAG,"0,04"
2023-02-07,AZ SKAG,"0,02"
2023-02-07,KZ SKAG,"0,01"
2023-02-07,PK SKAG,"0,01"
2023-02-08,US Common_,"115,60"
2023-02-08,NZ Common_,"58,67"
2023-02-08,UK Common_,"14,29"
2023-02-08,DE Common_,"10,16"
2023-02-08,ZA Discovery,"9,42"
2023-02-08,CA Common_,"8,69"
2023-02-08,AU SKAG_,"7,85"
2023-02-08,NW Common_,"7,40"
2023-02-08,FR Common_,"6,74"
2023-02-08,IT Common_,"5,71"
2023-02-08,JP Common_,"5,12"
2023-02-08,SP Common_,"4,83"
2023-02-08,ID SKAG,"4,50"
2023-02-08,GR SKAG,"4,06"
2023-02-08,PH SKAG,"3,77"
2023-02-08,MX SKAG,"3,36"
2023-02-08,AU Discovery,"2,84"
2023-02-08,AR Discovery,"2,84"
2023-02-08,NL Common_,"2,44"
2023-02-08,UA Discovery,"2,25"
2023-02-08,VN SKAG,"2,15"
2023-02-08,SA SKAG,"2,15"
2023-02-08,CH Common_,"2,11"
2023-02-08,DK SKAG,"1,93"
2023-02-08,IL Discovery,"1,72"
2023-02-08,MX Discovery,"1,54"
2023-02-08,MY SKAG,"1,49"
2023-02-08,AZ Discovery,"1,28"
2023-02-08,PL Discovery,"1,24"
2023-02-08,KR SKAG_,"1,23"
2023-02-08,CL Common_,"1,18"
2023-02-08,EG Discovery,"1,17"
2023-02-08,PK Discovery,"1,13"
2023-02-08,SE SKAG,"1,13"
2023-02-08,HK SKAG,"1,10"
2023-02-08,ID Discovery,"1,09"
2023-02-08,TH Discovery,"0,95"
2023-02-08,AT Common_,"0,93"
2023-02-08,HK Discovery,"0,93"
2023-02-08,PL SKAG,"0,91"
2023-02-08,KZ Discovery,"0,90"
2023-02-08,SE Discovery,"0,88"
2023-02-08,ZA SKAG,"0,87"
2023-02-08,AR Skag,"0,77"
2023-02-08,FI SKAG,"0,69"
2023-02-08,HR SKAG,"0,64"
2023-02-08,MY Discovery,"0,63"
2023-02-08,AL Discovery,"0,62"
2023-02-08,LB Discovery,"0,59"
2023-02-08,CZ Discovery,"0,57"
2023-02-08,DK Discovery,"0,57"
2023-02-08,UA SKAG,"0,55"
2023-02-08,AU_product_page,"0,55"
2023-02-08,CO Discovery,"0,55"
2023-02-08,BE Discovery,"0,52"
2023-02-08,TW Discovery,"0,51"
2023-02-08,RO SKAG,"0,49"
2023-02-08,KW Discovery,"0,48"
2023-02-08,KH Discovery,"0,47"
2023-02-08,CZ SKAG,"0,46"
2023-02-08,DE_prod_page,"0,44"
2023-02-08,SA Discovery,"0,44"
2023-02-08,UK_prod_page,"0,43"
2023-02-08,IE Discovery,"0,40"
2023-02-08,FI Discovery,"0,38"
2023-02-08,US_prod_page,"0,38"
2023-02-08,QA Discovery,"0,36"
2023-02-08,JO Discovery,"0,33"
2023-02-08,IN Discovery,"0,33"
2023-02-08,UAE Common_,"0,32"
2023-02-08,IN SKAG,"0,32"
2023-02-08,EG SKAG,"0,32"
2023-02-08,TH SKAG,"0,29"
2023-02-08,HU SKAG,"0,28"
2023-02-08,SG SKAG,"0,27"
2023-02-08,RO Discovery,"0,24"
2023-02-08,GR Discovery,"0,22"
2023-02-08,IL SKAG,"0,22"
2023-02-08,PE Discovery,"0,21"
2023-02-08,BE SKAG,"0,20"
2023-02-08,MO Discovery,"0,15"
2023-02-08,VN Discovery,"0,15"
2023-02-08,OM Discovery,"0,15"
2023-02-08,CO SKAG,"0,09"
2023-02-08,OM SKAG,"0,08"
2023-02-08,PH Discovery,"0,08"
2023-02-08,PE SKAG,"0,07"
2023-02-08,EC Discovery,"0,07"
2023-02-08,HR Discovery,"0,07"
2023-02-08,PT Common_,"0,07"
2023-02-08,JO SKAG,"0,07"
2023-02-08,KZ SKAG,"0,06"
2023-02-08,LB SKAG,"0,05"
2023-02-08,AZ SKAG,"0,04"
2023-02-08,KW SKAG,"0,04"
2023-02-08,AL SKAG,"0,04"
2023-02-08,HU Discovery,"0,03"
2023-02-08,QA SKAG,"0,02"
2023-02-08,EC SKAG,"0,01"
2023-02-08,PK SKAG,"0,01"
2023-02-09,US Common_,"126,95"
2023-02-09,NZ Common_,"93,95"
2023-02-09,UK Common_,"13,46"
2023-02-09,DE Common_,"10,71"
2023-02-09,ID SKAG,"9,41"
2023-02-09,ZA Discovery,"9,26"
2023-02-09,IT Common_,"9,05"
2023-02-09,CA Common_,"8,17"
2023-02-09,FR Common_,"7,98"
2023-02-09,AU SKAG_,"7,67"
2023-02-09,JP Common_,"6,02"
2023-02-09,SP Common_,"5,08"
2023-02-09,NW Common_,"4,79"
2023-02-09,MX SKAG,"4,12"
2023-02-09,AU Discovery,"4,11"
2023-02-09,CH Common_,"2,81"
2023-02-09,GR SKAG,"2,50"
2023-02-09,PL SKAG,"2,29"
2023-02-09,NL Common_,"2,25"
2023-02-09,ID Discovery,"2,15"
2023-02-09,MX Discovery,"2,06"
2023-02-09,SE Discovery,"1,96"
2023-02-09,AR Discovery,"1,92"
2023-02-09,CL Common_,"1,72"
2023-02-09,UA Discovery,"1,71"
2023-02-09,ZA SKAG,"1,52"
2023-02-09,VN SKAG,"1,48"
2023-02-09,KR SKAG_,"1,45"
2023-02-09,MY SKAG,"1,45"
2023-02-09,TH SKAG,"1,42"
2023-02-09,PH SKAG,"1,35"
2023-02-09,IN SKAG,"1,31"
2023-02-09,HK Discovery,"1,25"
2023-02-09,CZ Discovery,"1,20"
2023-02-09,PL Discovery,"1,17"
2023-02-09,EG Discovery,"1,16"
2023-02-09,SA SKAG,"1,10"
2023-02-09,KZ Discovery,"0,90"
2023-02-09,AR Skag,"0,86"
2023-02-09,AT Common_,"0,82"
2023-02-09,AZ Discovery,"0,80"
2023-02-09,BE Discovery,"0,77"
2023-02-09,PK Discovery,"0,76"
2023-02-09,UA SKAG,"0,72"
2023-02-09,DK SKAG,"0,72"
2023-02-09,IL Discovery,"0,71"
2023-02-09,IL SKAG,"0,71"
2023-02-09,HK SKAG,"0,65"
2023-02-09,TH Discovery,"0,63"
2023-02-09,CZ SKAG,"0,63"
2023-02-09,SE SKAG,"0,61"
2023-02-09,UAE Common_,"0,55"
2023-02-09,OM Discovery,"0,51"
2023-02-09,LB Discovery,"0,50"
2023-02-09,BE SKAG,"0,50"
2023-02-09,AL Discovery,"0,49"
2023-02-09,AU_product_page,"0,47"
2023-02-09,CO Discovery,"0,45"
2023-02-09,IE SKAG,"0,44"
2023-02-09,FI Discovery,"0,43"
2023-02-09,MY Discovery,"0,40"
2023-02-09,DE_prod_page,"0,38"
2023-02-09,JO Discovery,"0,37"
2023-02-09,QA Discovery,"0,35"
2023-02-09,KW Discovery,"0,32"
2023-02-09,SA Discovery,"0,28"
2023-02-09,SG SKAG,"0,28"
2023-02-09,FI SKAG,"0,26"
2023-02-09,DK Discovery,"0,26"
2023-02-09,TW SKAG,"0,26"
2023-02-09,SG Discovery,"0,25"
2023-02-09,KH Discovery,"0,23"
2023-02-09,PH Discovery,"0,23"
2023-02-09,IN Discovery,"0,22"
2023-02-09,TW Discovery,"0,22"
2023-02-09,UK_prod_page,"0,21"
2023-02-09,RO Discovery,"0,21"
2023-02-09,EC Discovery,"0,19"
2023-02-09,NZ_product_page,"0,19"
2023-02-09,HU SKAG,"0,19"
2023-02-09,EG SKAG,"0,17"
2023-02-09,GR Discovery,"0,17"
2023-02-09,IE Discovery,"0,16"
2023-02-09,MO Discovery,"0,13"
2023-02-09,RO SKAG,"0,13"
2023-02-09,OM SKAG,"0,13"
2023-02-09,US Search Tab_Return,"0,12"
2023-02-09,HR SKAG,"0,11"
2023-02-09,CO SKAG,"0,10"
2023-02-09,PT Common_,"0,08"
2023-02-09,AZ SKAG,"0,07"
2023-02-09,VN Discovery,"0,05"
2023-02-09,EC SKAG,"0,05"
2023-02-09,AL SKAG,"0,04"
2023-02-09,JO SKAG,"0,04"
2023-02-09,KZ SKAG,"0,04"
2023-02-09,KW SKAG,"0,04"
2023-02-09,QA SKAG,"0,03"
2023-02-09,PE SKAG,"0,03"
2023-02-09,PE Discovery,"0,03"
2023-02-09,PK SKAG,"0,03"
2023-02-09,LB SKAG,"0,02"
2023-02-10,NZ Common_,"146,76"
2023-02-10,US Common_,"130,04"
2023-02-10,UK Common_,"14,57"
2023-02-10,ID SKAG,"11,45"
2023-02-10,DE Common_,"10,31"
2023-02-10,ZA Discovery,"8,34"
2023-02-10,FR Common_,"7,64"
2023-02-10,AU SKAG_,"6,99"
2023-02-10,CA Common_,"6,80"
2023-02-10,SP Common_,"5,10"
2023-02-10,JP Common_,"4,45"
2023-02-10,MX SKAG,"4,31"
2023-02-10,IT Common_,"3,69"
2023-02-10,CH Common_,"3,51"
2023-02-10,AU Discovery,"3,49"
2023-02-10,ID Discovery,"2,70"
2023-02-10,NL Common_,"2,62"
2023-02-10,PL SKAG,"2,51"
2023-02-10,NW Common_,"2,32"
2023-02-10,DK SKAG,"1,84"
2023-02-10,AR Discovery,"1,68"
2023-02-10,HK Discovery,"1,67"
2023-02-10,ZA SKAG,"1,59"
2023-02-10,UA Discovery,"1,59"
2023-02-10,GR SKAG,"1,47"
2023-02-10,MY SKAG,"1,44"
2023-02-10,MX Discovery,"1,41"
2023-02-10,OM SKAG,"1,38"
2023-02-10,CL Common_,"1,29"
2023-02-10,SE Discovery,"1,22"
2023-02-10,SA SKAG,"1,21"
2023-02-10,AT Common_,"1,08"
2023-02-10,PH SKAG,"1,03"
2023-02-10,CZ SKAG,"0,96"
2023-02-10,SG Discovery,"0,93"
2023-02-10,KR SKAG_,"0,91"
2023-02-10,KZ Discovery,"0,84"
2023-02-10,SE SKAG,"0,83"
2023-02-10,PL Discovery,"0,82"
2023-02-10,IL Discovery,"0,74"
2023-02-10,HK SKAG,"0,73"
2023-02-10,PK Discovery,"0,71"
2023-02-10,CZ Discovery,"0,71"
2023-02-10,UA SKAG,"0,71"
2023-02-10,VN SKAG,"0,67"
2023-02-10,FI Discovery,"0,67"
2023-02-10,HR SKAG,"0,66"
2023-02-10,IN SKAG,"0,64"
2023-02-10,AU_product_page,"0,59"
2023-02-10,OM Discovery,"0,59"
2023-02-10,IL SKAG,"0,56"
2023-02-10,FI SKAG,"0,55"
2023-02-10,DK Discovery,"0,54"
2023-02-10,MY Discovery,"0,54"
2023-02-10,TH Discovery,"0,51"
2023-02-10,EG Discovery,"0,47"
2023-02-10,IE Discovery,"0,46"
2023-02-10,AR Skag,"0,43"
2023-02-10,DE_prod_page,"0,43"
2023-02-10,BE SKAG,"0,42"
2023-02-10,AZ Discovery,"0,41"
2023-02-10,BE Discovery,"0,39"
2023-02-10,SG SKAG,"0,39"
2023-02-10,CO Discovery,"0,38"
2023-02-10,IE SKAG,"0,37"
2023-02-10,KW Discovery,"0,37"
2023-02-10,EC SKAG,"0,30"
2023-02-10,GR Discovery,"0,28"
2023-02-10,RO Discovery,"0,28"
2023-02-10,PH Discovery,"0,27"
2023-02-10,KH Discovery,"0,27"
2023-02-10,RO SKAG,"0,26"
2023-02-10,TW SKAG,"0,25"
2023-02-10,HR Discovery,"0,24"
2023-02-10,US_prod_page,"0,24"
2023-02-10,UK_prod_page,"0,24"
2023-02-10,SA Discovery,"0,21"
2023-02-10,QA Discovery,"0,20"
2023-02-10,UAE Common_,"0,19"
2023-02-10,CO SKAG,"0,18"
2023-02-10,QA SKAG,"0,18"
2023-02-10,IN Discovery,"0,18"
2023-02-10,EG SKAG,"0,17"
2023-02-10,AL Discovery,"0,16"
2023-02-10,EC Discovery,"0,15"
2023-02-10,US Search Tab_Return,"0,14"
2023-02-10,HU Discovery,"0,13"
2023-02-10,VN Discovery,"0,13"
2023-02-10,KW SKAG,"0,11"
2023-02-10,JO Discovery,"0,11"
2023-02-10,TW Discovery,"0,09"
2023-02-10,HU SKAG,"0,07"
2023-02-10,NZ_product_page,"0,06"
2023-02-10,LB Discovery,"0,05"
2023-02-10,TH SKAG,"0,05"
2023-02-10,MO Discovery,"0,05"
2023-02-10,PT Common_,"0,04"
2023-02-10,PE Discovery,"0,03"
2023-02-10,PK SKAG,"0,02"
2023-02-10,KZ SKAG,"0,01"
2023-02-10,AZ SKAG,"0,01"
2023-02-11,NZ Common_,"172,41"
2023-02-11,US Common_,"114,25"
2023-02-11,UK Common_,"16,31"
2023-02-11,DE Common_,"12,96"
2023-02-11,FR Common_,"9,31"
2023-02-11,CA Common_,"8,70"
2023-02-11,MX SKAG,"6,95"
2023-02-11,ID SKAG,"6,19"
2023-02-11,ZA Discovery,"5,73"
2023-02-11,JP Common_,"5,09"
2023-02-11,AU Discovery,"5,09"
2023-02-11,SP Common_,"4,59"
2023-02-11,AU SKAG_,"4,43"
2023-02-11,CH Common_,"3,63"
2023-02-11,AR Discovery,"2,54"
2023-02-11,HK Discovery,"2,48"
2023-02-11,MY SKAG,"2,48"
2023-02-11,PH SKAG,"2,47"
2023-02-11,PL Discovery,"2,23"
2023-02-11,PL SKAG,"2,18"
2023-02-11,SA SKAG,"1,96"
2023-02-11,NL Common_,"1,95"
2023-02-11,ID Discovery,"1,94"
2023-02-11,DK SKAG,"1,82"
2023-02-11,IT Common_,"1,81"
2023-02-11,CL Common_,"1,76"
2023-02-11,GR SKAG,"1,62"
2023-02-11,NW Common_,"1,47"
2023-02-11,UA Discovery,"1,46"
2023-02-11,AR Skag,"1,41"
2023-02-11,IL Discovery,"1,30"
2023-02-11,CZ SKAG,"1,28"
2023-02-11,EG Discovery,"1,22"
2023-02-11,VN SKAG,"1,19"
2023-02-11,CZ Discovery,"1,17"
2023-02-11,ZA SKAG,"1,16"
2023-02-11,NZ_product_page,"1,13"
2023-02-11,AL Discovery,"1,10"
2023-02-11,BE Discovery,"1,03"
2023-02-11,DK Discovery,"0,96"
2023-02-11,MX Discovery,"0,94"
2023-02-11,SE Discovery,"0,92"
2023-02-11,SG SKAG,"0,91"
2023-02-11,LB Discovery,"0,86"
2023-02-11,FI Discovery,"0,86"
2023-02-11,IN SKAG,"0,82"
2023-02-11,SG Discovery,"0,66"
2023-02-11,AT Common_,"0,58"
2023-02-11,KZ Discovery,"0,52"
2023-02-11,KR SKAG_,"0,51"
2023-02-11,PH Discovery,"0,51"
2023-02-11,MY Discovery,"0,51"
2023-02-11,FI SKAG,"0,50"
2023-02-11,HK SKAG,"0,50"
2023-02-11,OM SKAG,"0,48"
2023-02-11,PK Discovery,"0,47"
2023-02-11,BE SKAG,"0,43"
2023-02-11,SE SKAG,"0,42"
2023-02-11,UA SKAG,"0,40"
2023-02-11,AZ Discovery,"0,39"
2023-02-11,HU Discovery,"0,38"
2023-02-11,RO Discovery,"0,37"
2023-02-11,GR Discovery,"0,37"
2023-02-11,CO Discovery,"0,36"
2023-02-11,TH Discovery,"0,35"
2023-02-11,UK_prod_page,"0,34"
2023-02-11,IE Discovery,"0,33"
2023-02-11,HR SKAG,"0,33"
2023-02-11,US_prod_page,"0,31"
2023-02-11,TW Discovery,"0,29"
2023-02-11,KW Discovery,"0,29"
2023-02-11,DE_prod_page,"0,28"
2023-02-11,TH SKAG,"0,28"
2023-02-11,US Search Tab_Return,"0,26"
2023-02-11,VN Discovery,"0,26"
2023-02-11,HU SKAG,"0,25"
2023-02-11,JO Discovery,"0,24"
2023-02-11,IN Discovery,"0,24"
2023-02-11,OM Discovery,"0,24"
2023-02-11,SA Discovery,"0,24"
2023-02-11,EC Discovery,"0,22"
2023-02-11,RO SKAG,"0,21"
2023-02-11,PE Discovery,"0,20"
2023-02-11,KH Discovery,"0,17"
2023-02-11,KW SKAG,"0,15"
2023-02-11,EG SKAG,"0,15"
2023-02-11,QA Discovery,"0,13"
2023-02-11,UAE Common_,"0,11"
2023-02-11,AU_product_page,"0,11"
2023-02-11,PE SKAG,"0,09"
2023-02-11,IE SKAG,"0,09"
2023-02-11,KZ SKAG,"0,08"
2023-02-11,CO SKAG,"0,08"
2023-02-11,LB SKAG,"0,07"
2023-02-11,QA SKAG,"0,05"
2023-02-11,IL SKAG,"0,05"
2023-02-11,JO SKAG,"0,03"
2023-02-11,TW SKAG,"0,03"
2023-02-11,MO Discovery,"0,01"
2023-02-12,NZ Common_,"172,35"
2023-02-12,US Common_,"130,73"
2023-02-12,UK Common_,"20,49"
2023-02-12,DE Common_,"15,17"
2023-02-12,FR Common_,"12,12"
2023-02-12,ZA Discovery,"8,68"
2023-02-12,CA Common_,"7,59"
2023-02-12,ID SKAG,"6,51"
2023-02-12,AU SKAG_,"6,04"
2023-02-12,AR Discovery,"4,87"
2023-02-12,SP Common_,"4,17"
2023-02-12,MX SKAG,"3,92"
2023-02-12,NW Common_,"3,69"
2023-02-12,JP Common_,"3,41"
2023-02-12,SA SKAG,"3,10"
2023-02-12,AU Discovery,"3,05"
2023-02-12,HK Discovery,"2,70"
2023-02-12,LB Discovery,"2,65"
2023-02-12,VN SKAG,"2,52"
2023-02-12,CH Common_,"2,50"
2023-02-12,NL Common_,"2,36"
2023-02-12,UA Discovery,"2,34"
2023-02-12,MY SKAG,"2,18"
2023-02-12,PL SKAG,"2,07"
2023-02-12,ID Discovery,"1,98"
2023-02-12,AR Skag,"1,85"
2023-02-12,GR SKAG,"1,82"
2023-02-12,DK SKAG,"1,81"
2023-02-12,IT Common_,"1,73"
2023-02-12,AT Common_,"1,44"
2023-02-12,MX Discovery,"1,38"
2023-02-12,CL Common_,"1,35"
2023-02-12,IN SKAG,"1,30"
2023-02-12,ZA SKAG,"1,27"
2023-02-12,NZ_product_page,"1,23"
2023-02-12,PH SKAG,"1,20"
2023-02-12,KZ Discovery,"1,14"
2023-02-12,PL Discovery,"1,13"
2023-02-12,BE SKAG,"1,01"
2023-02-12,CZ SKAG,"0,97"
2023-02-12,TH Discovery,"0,96"
2023-02-12,FI Discovery,"0,93"
2023-02-12,CZ Discovery,"0,92"
2023-02-12,KR SKAG_,"0,90"
2023-02-12,SE SKAG,"0,87"
2023-02-12,IL SKAG,"0,84"
2023-02-12,US Search Tab_Return,"0,82"
2023-02-12,UK_prod_page,"0,79"
2023-02-12,IL Discovery,"0,78"
2023-02-12,SE Discovery,"0,74"
2023-02-12,HK SKAG,"0,70"
2023-02-12,DK Discovery,"0,69"
2023-02-12,AL Discovery,"0,68"
2023-02-12,PK Discovery,"0,64"
2023-02-12,SG SKAG,"0,59"
2023-02-12,MY Discovery,"0,56"
2023-02-12,EG Discovery,"0,56"
2023-02-12,UA SKAG,"0,51"
2023-02-12,QA Discovery,"0,47"
2023-02-12,AZ Discovery,"0,46"
2023-02-12,SG Discovery,"0,40"
2023-02-12,IE SKAG,"0,38"
2023-02-12,RO SKAG,"0,33"
2023-02-12,AU_product_page,"0,30"
2023-02-12,EG SKAG,"0,30"
2023-02-12,PH Discovery,"0,30"
2023-02-12,TW Discovery,"0,29"
2023-02-12,GR Discovery,"0,29"
2023-02-12,QA SKAG,"0,28"
2023-02-12,KH Discovery,"0,28"
2023-02-12,FI SKAG,"0,28"
2023-02-12,KW SKAG,"0,28"
2023-02-12,IN Discovery,"0,24"
2023-02-12,UAE Common_,"0,24"
2023-02-12,CO Discovery,"0,22"
2023-02-12,KW Discovery,"0,21"
2023-02-12,OM Discovery,"0,19"
2023-02-12,RO Discovery,"0,18"
2023-02-12,EC Discovery,"0,18"
2023-02-12,PT Common_,"0,18"
2023-02-12,VN Discovery,"0,17"
2023-02-12,HR Discovery,"0,17"
2023-02-12,OM SKAG,"0,16"
2023-02-12,TW SKAG,"0,16"
2023-02-12,SA Discovery,"0,15"
2023-02-12,HR SKAG,"0,15"
2023-02-12,IE Discovery,"0,15"
2023-02-12,BE Discovery,"0,14"
2023-02-12,HU SKAG,"0,13"
2023-02-12,DE_prod_page,"0,13"
2023-02-12,AL SKAG,"0,11"
2023-02-12,PE Discovery,"0,08"
2023-02-12,CO SKAG,"0,08"
2023-02-12,PE SKAG,"0,06"
2023-02-12,KZ SKAG,"0,06"
2023-02-12,HU Discovery,"0,06"
2023-02-12,EC SKAG,"0,04"
2023-02-12,JO Discovery,"0,03"
2023-02-12,PK SKAG,"0,01"
2023-02-12,AZ SKAG,"0,01"
2023-02-12,KH SKAG,"0,01"
2023-02-12,TH SKAG,"0,00"
2023-02-13,NZ Common_,"146,40"
2023-02-13,US Common_,"97,61"
2023-02-13,CA Common_,"19,16"
2023-02-13,UK Common_,"12,67"
2023-02-13,DE Common_,"11,00"
2023-02-13,FR Common_,"7,21"
2023-02-13,ZA Discovery,"5,80"
2023-02-13,ID SKAG,"4,89"
2023-02-13,PH SKAG,"4,50"
2023-02-13,AU SKAG_,"4,31"
2023-02-13,JP Common_,"4,04"
2023-02-13,MX SKAG,"3,51"
2023-02-13,SA SKAG,"3,45"
2023-02-13,SP Common_,"3,42"
2023-02-13,NL Common_,"2,54"
2023-02-13,MY SKAG,"2,39"
2023-02-13,ID Discovery,"2,37"
2023-02-13,AR Discovery,"2,32"
2023-02-13,VN SKAG,"2,28"
2023-02-13,GR SKAG,"2,23"
2023-02-13,CH Common_,"2,20"
2023-02-13,HK Discovery,"2,10"
2023-02-13,AU Discovery,"2,00"
2023-02-13,UA Discovery,"1,87"
2023-02-13,DK SKAG,"1,81"
2023-02-13,EG Discovery,"1,72"
2023-02-13,HK SKAG,"1,46"
2023-02-13,IN SKAG,"1,32"
2023-02-13,CL Common_,"1,27"
2023-02-13,NW Common_,"1,26"
2023-02-13,US Search Tab_Return,"1,24"
2023-02-13,KR SKAG_,"1,20"
2023-02-13,PL SKAG,"1,20"
2023-02-13,AT Common_,"1,16"
2023-02-13,AR Skag,"1,14"
2023-02-13,ZA SKAG,"1,10"
2023-02-13,PL Discovery,"1,01"
2023-02-13,LB Discovery,"0,97"
2023-02-13,IT Common_,"0,97"
2023-02-13,SE Discovery,"0,90"
2023-02-13,DK Discovery,"0,80"
2023-02-13,CZ SKAG,"0,74"
2023-02-13,IL Discovery,"0,71"
2023-02-13,KZ Discovery,"0,70"
2023-02-13,SG SKAG,"0,66"
2023-02-13,KW Discovery,"0,61"
2023-02-13,SE SKAG,"0,57"
2023-02-13,IL SKAG,"0,57"
2023-02-13,TH Discovery,"0,54"
2023-02-13,MX Discovery,"0,51"
2023-02-13,UA SKAG,"0,49"
2023-02-13,NZ_product_page,"0,48"
2023-02-13,RO Discovery,"0,46"
2023-02-13,GR Discovery,"0,44"
2023-02-13,CZ Discovery,"0,44"
2023-02-13,MY Discovery,"0,41"
2023-02-13,US_prod_page,"0,41"
2023-02-13,IE Discovery,"0,39"
2023-02-13,CO Discovery,"0,38"
2023-02-13,AU_product_page,"0,36"
2023-02-13,AZ Discovery,"0,36"
2023-02-13,SG Discovery,"0,34"
2023-02-13,TW Discovery,"0,33"
2023-02-13,AL Discovery,"0,31"
2023-02-13,IE SKAG,"0,31"
2023-02-13,HR SKAG,"0,31"
2023-02-13,TW SKAG,"0,30"
2023-02-13,FI Discovery,"0,30"
2023-02-13,BE Discovery,"0,28"
2023-02-13,PK Discovery,"0,28"
2023-02-13,PH Discovery,"0,28"
2023-02-13,DE_prod_page,"0,26"
2023-02-13,SA Discovery,"0,26"
2023-02-13,IN Discovery,"0,25"
2023-02-13,HU Discovery,"0,23"
2023-02-13,KH Discovery,"0,22"
2023-02-13,OM Discovery,"0,22"
2023-02-13,KH SKAG,"0,22"
2023-02-13,TH SKAG,"0,21"
2023-02-13,UAE Common_,"0,20"
2023-02-13,JO Discovery,"0,16"
2023-02-13,KW SKAG,"0,16"
2023-02-13,CO SKAG,"0,14"
2023-02-13,OM SKAG,"0,14"
2023-02-13,BE SKAG,"0,14"
2023-02-13,VN Discovery,"0,14"
2023-02-13,FI SKAG,"0,14"
2023-02-13,HU SKAG,"0,12"
2023-02-13,EG SKAG,"0,12"
2023-02-13,PE Discovery,"0,11"
2023-02-13,QA Discovery,"0,09"
2023-02-13,UK_prod_page,"0,09"
2023-02-13,EC Discovery,"0,08"
2023-02-13,RO SKAG,"0,08"
2023-02-13,PE SKAG,"0,06"
2023-02-13,PT Common_,"0,05"
2023-02-13,AL SKAG,"0,03"
2023-02-13,KZ SKAG,"0,02"
2023-02-13,AZ SKAG,"0,01"
2023-02-13,QA SKAG,"0,00"
2023-02-14,US Common_,"119,84"
2023-02-14,NZ Common_,"55,76"
2023-02-14,UK Common_,"10,58"
2023-02-14,DE Common_,"9,86"
2023-02-14,CA Common_,"9,17"
2023-02-14,FR Common_,"9,09"
2023-02-14,SA SKAG,"7,01"
2023-02-14,JP Common_,"6,59"
2023-02-14,AU SKAG_,"5,76"
2023-02-14,ZA Discovery,"5,72"
2023-02-14,ID SKAG,"3,64"
2023-02-14,VN SKAG,"3,29"
2023-02-14,PH SKAG,"2,92"
2023-02-14,UA Discovery,"2,75"
2023-02-14,SP Common_,"2,72"
2023-02-14,NL Common_,"2,51"
2023-02-14,ID Discovery,"2,51"
2023-02-14,AR Discovery,"2,37"
2023-02-14,MX SKAG,"2,12"
2023-02-14,TH Discovery,"2,09"
2023-02-14,CH Common_,"1,92"
2023-02-14,MY SKAG,"1,70"
2023-02-14,HK SKAG,"1,69"
2023-02-14,IL Discovery,"1,67"
2023-02-14,GR SKAG,"1,62"
2023-02-14,AU Discovery,"1,62"
2023-02-14,PL Discovery,"1,58"
2023-02-14,IT Common_,"1,53"
2023-02-14,EG Discovery,"1,44"
2023-02-14,KR SKAG_,"1,42"
2023-02-14,NW Common_,"1,40"
2023-02-14,PL SKAG,"1,39"
2023-02-14,ZA SKAG,"1,33"
2023-02-14,IN SKAG,"1,32"
2023-02-14,AT Common_,"1,29"
2023-02-14,DK SKAG,"1,18"
2023-02-14,HK Discovery,"1,16"
2023-02-14,LB Discovery,"1,07"
2023-02-14,CL Common_,"0,98"
2023-02-14,AR Skag,"0,96"
2023-02-14,US Search Tab_Return,"0,93"
2023-02-14,RO Discovery,"0,86"
2023-02-14,TH SKAG,"0,82"
2023-02-14,SE Discovery,"0,76"
2023-02-14,SG SKAG,"0,76"
2023-02-14,CZ SKAG,"0,73"
2023-02-14,KH Discovery,"0,72"
2023-02-14,KZ Discovery,"0,66"
2023-02-14,SG Discovery,"0,61"
2023-02-14,CZ Discovery,"0,58"
2023-02-14,UA SKAG,"0,53"
2023-02-14,MY Discovery,"0,46"
2023-02-14,FI SKAG,"0,46"
2023-02-14,QA Discovery,"0,45"
2023-02-14,IE SKAG,"0,42"
2023-02-14,GR Discovery,"0,41"
2023-02-14,SE SKAG,"0,39"
2023-02-14,MX Discovery,"0,38"
2023-02-14,AZ Discovery,"0,35"
2023-02-14,TW SKAG,"0,35"
2023-02-14,CO Discovery,"0,34"
2023-02-14,UK_prod_page,"0,33"
2023-02-14,TW Discovery,"0,33"
2023-02-14,PK Discovery,"0,32"
2023-02-14,DE_prod_page,"0,30"
2023-02-14,IE Discovery,"0,30"
2023-02-14,HR SKAG,"0,29"
2023-02-14,BE SKAG,"0,29"
2023-02-14,KW Discovery,"0,26"
2023-02-14,EG SKAG,"0,26"
2023-02-14,QA SKAG,"0,25"
2023-02-14,UAE Common_,"0,24"
2023-02-14,PH Discovery,"0,23"
2023-02-14,SA Discovery,"0,21"
2023-02-14,VN Discovery,"0,21"
2023-02-14,HU Discovery,"0,20"
2023-02-14,IN Discovery,"0,18"
2023-02-14,EC Discovery,"0,18"
2023-02-14,CO SKAG,"0,18"
2023-02-14,AL Discovery,"0,17"
2023-02-14,US_prod_page,"0,14"
2023-02-14,PE SKAG,"0,12"
2023-02-14,DK Discovery,"0,11"
2023-02-14,RO SKAG,"0,11"
2023-02-14,HU SKAG,"0,11"
2023-02-14,AL SKAG,"0,11"
2023-02-14,IL SKAG,"0,11"
2023-02-14,PT Common_,"0,08"
2023-02-14,AU_product_page,"0,08"
2023-02-14,OM Discovery,"0,07"
2023-02-14,JO Discovery,"0,07"
2023-02-14,HR Discovery,"0,05"
2023-02-14,OM SKAG,"0,05"
2023-02-14,KZ SKAG,"0,04"
2023-02-14,LB SKAG,"0,04"
2023-02-14,PE Discovery,"0,03"
2023-02-14,NZ_product_page,"0,03"
2023-02-14,PK SKAG,"0,03"
2023-02-14,AZ SKAG,"0,01"
2023-02-14,EC SKAG,"0,01"
2023-02-15,US Common_,"137,41"
2023-02-15,NZ Common_,"25,61"
2023-02-15,UK Common_,"12,53"
2023-02-15,CA Common_,"11,57"
2023-02-15,FR Common_,"9,95"
2023-02-15,DE Common_,"8,75"
2023-02-15,ZA Discovery,"6,55"
2023-02-15,JP Common_,"5,27"
2023-02-15,MX SKAG,"5,26"
2023-02-15,SA SKAG,"4,54"
2023-02-15,SP Common_,"4,01"
2023-02-15,PH SKAG,"3,80"
2023-02-15,ID SKAG,"3,76"
2023-02-15,VN SKAG,"3,23"
2023-02-15,UA Discovery,"3,23"
2023-02-15,AR Discovery,"3,14"
2023-02-15,MY SKAG,"2,80"
2023-02-15,PL SKAG,"2,55"
2023-02-15,NL Common_,"2,21"
2023-02-15,AU Discovery,"2,21"
2023-02-15,AR Skag,"1,98"
2023-02-15,AU SKAG_,"1,88"
2023-02-15,TH Discovery,"1,86"
2023-02-15,DK SKAG,"1,80"
2023-02-15,IL Discovery,"1,60"
2023-02-15,ZA SKAG,"1,57"
2023-02-15,US Search Tab_Return,"1,52"
2023-02-15,IT Common_,"1,51"
2023-02-15,SE SKAG,"1,47"
2023-02-15,CZ Discovery,"1,46"
2023-02-15,NW Common_,"1,44"
2023-02-15,CL Common_,"1,28"
2023-02-15,ID Discovery,"1,27"
2023-02-15,SE Discovery,"1,18"
2023-02-15,PL Discovery,"1,18"
2023-02-15,KR SKAG_,"1,17"
2023-02-15,IL SKAG,"1,15"
2023-02-15,GR SKAG,"1,10"
2023-02-15,CH Common_,"1,01"
2023-02-15,HK Discovery,"0,92"
2023-02-15,KZ Discovery,"0,85"
2023-02-15,EG Discovery,"0,81"
2023-02-15,CO Discovery,"0,74"
2023-02-15,UK_prod_page,"0,73"
2023-02-15,CZ SKAG,"0,71"
2023-02-15,MX Discovery,"0,71"
2023-02-15,QA Discovery,"0,69"
2023-02-15,IN SKAG,"0,62"
2023-02-15,BE SKAG,"0,57"
2023-02-15,PH Discovery,"0,56"
2023-02-15,AT Common_,"0,49"
2023-02-15,TH SKAG,"0,48"
2023-02-15,UA SKAG,"0,47"
2023-02-15,DK Discovery,"0,46"
2023-02-15,MY Discovery,"0,45"
2023-02-15,RO Discovery,"0,43"
2023-02-15,PK Discovery,"0,42"
2023-02-15,SG SKAG,"0,40"
2023-02-15,KH Discovery,"0,37"
2023-02-15,QA SKAG,"0,36"
2023-02-15,TW Discovery,"0,35"
2023-02-15,EG SKAG,"0,32"
2023-02-15,TW SKAG,"0,31"
2023-02-15,DE_prod_page,"0,30"
2023-02-15,OM Discovery,"0,29"
2023-02-15,IE Discovery,"0,28"
2023-02-15,BE Discovery,"0,28"
2023-02-15,LB Discovery,"0,27"
2023-02-15,FI SKAG,"0,27"
2023-02-15,CO SKAG,"0,26"
2023-02-15,AZ Discovery,"0,24"
2023-02-15,VN Discovery,"0,24"
2023-02-15,HK SKAG,"0,22"
2023-02-15,EC Discovery,"0,22"
2023-02-15,SG Discovery,"0,22"
2023-02-15,HR SKAG,"0,19"
2023-02-15,UAE Common_,"0,19"
2023-02-15,HU Discovery,"0,19"
2023-02-15,KW Discovery,"0,16"
2023-02-15,GR Discovery,"0,15"
2023-02-15,US_prod_page,"0,14"
2023-02-15,IN Discovery,"0,14"
2023-02-15,AL Discovery,"0,13"
2023-02-15,SA Discovery,"0,13"
2023-02-15,AU_product_page,"0,12"
2023-02-15,NZ_product_page,"0,11"
2023-02-15,HU SKAG,"0,09"
2023-02-15,RO SKAG,"0,09"
2023-02-15,JO Discovery,"0,08"
2023-02-15,PT Common_,"0,08"
2023-02-15,PE Discovery,"0,07"
2023-02-15,KW SKAG,"0,06"
2023-02-15,KZ SKAG,"0,04"
2023-02-15,OM SKAG,"0,03"
2023-02-15,PE SKAG,"0,02"
2023-02-15,LB SKAG,"0,02"
2023-02-16,US Common_,"159,00"
2023-02-16,UK Common_,"21,95"
2023-02-16,DE Common_,"15,85"
2023-02-16,CA Common_,"14,17"
2023-02-16,FR Common_,"13,59"
2023-02-16,NZ Common_,"12,82"
2023-02-16,SA SKAG,"8,03"
2023-02-16,JP Common_,"6,90"
2023-02-16,ZA Discovery,"6,36"
2023-02-16,AU SKAG_,"6,28"
2023-02-16,MX SKAG,"5,84"
2023-02-16,DK SKAG,"4,75"
2023-02-16,PL SKAG,"4,47"
2023-02-16,NL Common_,"3,76"
2023-02-16,LB Discovery,"3,71"
2023-02-16,SP Common_,"3,32"
2023-02-16,ID SKAG,"3,29"
2023-02-16,NW Common_,"2,90"
2023-02-16,PL Discovery,"2,89"
2023-02-16,AR Discovery,"2,85"
2023-02-16,CH Common_,"2,85"
2023-02-16,UA Discovery,"2,82"
2023-02-16,MY SKAG,"2,78"
2023-02-16,PH SKAG,"2,63"
2023-02-16,VN SKAG,"2,38"
2023-02-16,US Search Tab_Return,"2,34"
2023-02-16,ID Discovery,"2,26"
2023-02-16,SE Discovery,"1,99"
2023-02-16,ZA SKAG,"1,84"
2023-02-16,SE SKAG,"1,71"
2023-02-16,AR Skag,"1,69"
2023-02-16,TH Discovery,"1,55"
2023-02-16,IT Common_,"1,47"
2023-02-16,CL Common_,"1,43"
2023-02-16,AU Discovery,"1,41"
2023-02-16,GR SKAG,"1,19"
2023-02-16,KR SKAG_,"1,14"
2023-02-16,CZ SKAG,"1,13"
2023-02-16,BE Discovery,"1,04"
2023-02-16,KZ Discovery,"1,00"
2023-02-16,HK Discovery,"0,94"
2023-02-16,CZ Discovery,"0,82"
2023-02-16,AZ Discovery,"0,80"
2023-02-16,QA Discovery,"0,78"
2023-02-16,AT Common_,"0,77"
2023-02-16,SG Discovery,"0,74"
2023-02-16,MX Discovery,"0,68"
2023-02-16,CO Discovery,"0,66"
2023-02-16,IN SKAG,"0,64"
2023-02-16,EG Discovery,"0,63"
2023-02-16,TH SKAG,"0,61"
2023-02-16,UA SKAG,"0,61"
2023-02-16,PH Discovery,"0,59"
2023-02-16,DK Discovery,"0,59"
2023-02-16,BE SKAG,"0,58"
2023-02-16,KH Discovery,"0,55"
2023-02-16,IE SKAG,"0,55"
2023-02-16,IL Discovery,"0,53"
2023-02-16,PK Discovery,"0,50"
2023-02-16,FI Discovery,"0,50"
2023-02-16,HK SKAG,"0,48"
2023-02-16,RO Discovery,"0,44"
2023-02-16,QA SKAG,"0,37"
2023-02-16,TW Discovery,"0,34"
2023-02-16,HU Discovery,"0,34"
2023-02-16,VN Discovery,"0,32"
2023-02-16,KW Discovery,"0,30"
2023-02-16,UK_prod_page,"0,29"
2023-02-16,IL SKAG,"0,27"
2023-02-16,DE_prod_page,"0,27"
2023-02-16,HR SKAG,"0,26"
2023-02-16,IN Discovery,"0,26"
2023-02-16,TW SKAG,"0,26"
2023-02-16,AU_product_page,"0,23"
2023-02-16,AL SKAG,"0,23"
2023-02-16,IE Discovery,"0,21"
2023-02-16,HU SKAG,"0,21"
2023-02-16,US_prod_page,"0,21"
2023-02-16,SG SKAG,"0,19"
2023-02-16,UAE Common_,"0,19"
2023-02-16,MY Discovery,"0,17"
2023-02-16,EC Discovery,"0,16"
2023-02-16,SA Discovery,"0,16"
2023-02-16,PK SKAG,"0,13"
2023-02-16,KW SKAG,"0,13"
2023-02-16,CO SKAG,"0,12"
2023-02-16,PE Discovery,"0,12"
2023-02-16,RO SKAG,"0,11"
2023-02-16,PT Common_,"0,11"
2023-02-16,OM Discovery,"0,08"
2023-02-16,KZ SKAG,"0,08"
2023-02-16,GR Discovery,"0,08"
2023-02-16,PE SKAG,"0,08"
2023-02-16,HR Discovery,"0,07"
2023-02-16,MO Discovery,"0,07"
2023-02-16,AL Discovery,"0,07"
2023-02-16,FI SKAG,"0,06"
2023-02-16,OM SKAG,"0,05"
2023-02-16,JO SKAG,"0,03"
2023-02-16,NZ_product_page,"0,03"
2023-02-16,EG SKAG,"0,02"
2023-02-16,AZ SKAG,"0,02"
2023-02-16,EC SKAG,"0,01"
2023-02-17,US Common_,"127,62"
2023-02-17,PL Discovery,"27,86"
2023-02-17,FR Common_,"22,56"
2023-02-17,PL SKAG,"20,52"
2023-02-17,UK Common_,"20,09"
2023-02-17,DE Common_,"18,43"
2023-02-17,NZ Common_,"17,67"
2023-02-17,DK SKAG,"14,00"
2023-02-17,CA Common_,"12,12"
2023-02-17,SE Discovery,"9,75"
2023-02-17,NW Common_,"9,65"
2023-02-17,ZA Discovery,"9,33"
2023-02-17,SE SKAG,"8,20"
2023-02-17,JP Common_,"6,33"
2023-02-17,PH SKAG,"6,19"
2023-02-17,NL Common_,"5,40"
2023-02-17,AU SKAG_,"5,14"
2023-02-17,UA Discovery,"5,11"
2023-02-17,SP Common_,"4,45"
2023-02-17,SA SKAG,"4,23"
2023-02-17,ID SKAG,"4,08"
2023-02-17,MX SKAG,"4,00"
2023-02-17,DK Discovery,"3,76"
2023-02-17,CH Common_,"3,39"
2023-02-17,MY SKAG,"2,85"
2023-02-17,ID Discovery,"2,50"
2023-02-17,AU Discovery,"2,42"
2023-02-17,VN SKAG,"2,32"
2023-02-17,CZ SKAG,"2,27"
2023-02-17,GR SKAG,"2,26"
2023-02-17,ZA SKAG,"1,95"
2023-02-17,CL Common_,"1,64"
2023-02-17,US Search Tab_Return,"1,62"
2023-02-17,LB Discovery,"1,60"
2023-02-17,AR Discovery,"1,47"
2023-02-17,HK Discovery,"1,46"
2023-02-17,AR Skag,"1,43"
2023-02-17,TH Discovery,"1,34"
2023-02-17,AT Common_,"1,33"
2023-02-17,IT Common_,"1,32"
2023-02-17,HK SKAG,"1,19"
2023-02-17,UK_prod_page,"1,11"
2023-02-17,KR SKAG_,"1,08"
2023-02-17,QA Discovery,"0,98"
2023-02-17,BE SKAG,"0,84"
2023-02-17,BE Discovery,"0,83"
2023-02-17,CZ Discovery,"0,79"
2023-02-17,UA SKAG,"0,79"
2023-02-17,KH Discovery,"0,71"
2023-02-17,SG SKAG,"0,66"
2023-02-17,MY Discovery,"0,62"
2023-02-17,KZ Discovery,"0,60"
2023-02-17,TH SKAG,"0,57"
2023-02-17,IL Discovery,"0,55"
2023-02-17,PK Discovery,"0,54"
2023-02-17,AZ Discovery,"0,51"
2023-02-17,US_prod_page,"0,49"
2023-02-17,MX Discovery,"0,46"
2023-02-17,IE SKAG,"0,45"
2023-02-17,DE_prod_page,"0,44"
2023-02-17,RO Discovery,"0,41"
2023-02-17,EG Discovery,"0,40"
2023-02-17,HU Discovery,"0,39"
2023-02-17,PH Discovery,"0,37"
2023-02-17,FI SKAG,"0,36"
2023-02-17,AU_product_page,"0,36"
2023-02-17,IN SKAG,"0,33"
2023-02-17,CO Discovery,"0,32"
2023-02-17,TW Discovery,"0,30"
2023-02-17,KZ SKAG,"0,29"
2023-02-17,OM Discovery,"0,28"
2023-02-17,NZ_product_page,"0,28"
2023-02-17,CO SKAG,"0,27"
2023-02-17,UAE Common_,"0,26"
2023-02-17,FI Discovery,"0,25"
2023-02-17,RO SKAG,"0,25"
2023-02-17,GR Discovery,"0,24"
2023-02-17,QA SKAG,"0,22"
2023-02-17,SA Discovery,"0,22"
2023-02-17,VN Discovery,"0,21"
2023-02-17,IN Discovery,"0,20"
2023-02-17,SG Discovery,"0,19"
2023-02-17,AL Discovery,"0,17"
2023-02-17,JO Discovery,"0,14"
2023-02-17,KW SKAG,"0,14"
2023-02-17,IL SKAG,"0,14"
2023-02-17,IE Discovery,"0,14"
2023-02-17,HU SKAG,"0,13"
2023-02-17,HR SKAG,"0,12"
2023-02-17,EC Discovery,"0,11"
2023-02-17,PE SKAG,"0,06"
2023-02-17,OM SKAG,"0,06"
2023-02-17,HR Discovery,"0,05"
2023-02-17,PE Discovery,"0,05"
2023-02-17,PT Common_,"0,05"
2023-02-17,EG SKAG,"0,05"
2023-02-17,PK SKAG,"0,05"
2023-02-17,JO SKAG,"0,02"
2023-02-17,EC SKAG,"0,02"
2023-02-18,US Common_,"123,83"
2023-02-18,FR Common_,"31,97"
2023-02-18,NZ Common_,"24,88"
2023-02-18,UK Common_,"19,00"
2023-02-18,DE Common_,"15,60"
2023-02-18,CA Common_,"10,09"
2023-02-18,PH SKAG,"9,55"
2023-02-18,JP Common_,"7,85"
2023-02-18,AU SKAG_,"6,28"
2023-02-18,ZA Discovery,"6,27"
2023-02-18,TW Discovery,"4,98"
2023-02-18,PL Discovery,"4,56"
2023-02-18,SP Common_,"4,34"
2023-02-18,CH Common_,"4,22"
2023-02-18,PL SKAG,"3,95"
2023-02-18,NL Common_,"3,59"
2023-02-18,UA Discovery,"3,34"
2023-02-18,MX SKAG,"3,07"
2023-02-18,ID SKAG,"2,52"
2023-02-18,MY SKAG,"2,35"
2023-02-18,ZA SKAG,"2,28"
2023-02-18,US Search Tab_Return,"2,27"
2023-02-18,HK Discovery,"2,25"
2023-02-18,ID Discovery,"2,15"
2023-02-18,TH Discovery,"2,07"
2023-02-18,NW Common_,"1,97"
2023-02-18,AU Discovery,"1,95"
2023-02-18,CZ Discovery,"1,94"
2023-02-18,DK SKAG,"1,93"
2023-02-18,VN SKAG,"1,86"
2023-02-18,SA SKAG,"1,81"
2023-02-18,CZ SKAG,"1,78"
2023-02-18,HK SKAG,"1,56"
2023-02-18,GR SKAG,"1,48"
2023-02-18,SE Discovery,"1,37"
2023-02-18,CL Common_,"1,31"
2023-02-18,SE SKAG,"1,30"
2023-02-18,IT Common_,"1,27"
2023-02-18,AR Discovery,"1,26"
2023-02-18,LB Discovery,"1,24"
2023-02-18,BE Discovery,"1,22"
2023-02-18,AR Skag,"1,16"
2023-02-18,BE SKAG,"1,15"
2023-02-18,AT Common_,"1,00"
2023-02-18,KR SKAG_,"0,96"
2023-02-18,SG SKAG,"0,91"
2023-02-18,AU_product_page,"0,88"
2023-02-18,DK Discovery,"0,86"
2023-02-18,IL Discovery,"0,85"
2023-02-18,RO Discovery,"0,82"
2023-02-18,RO SKAG,"0,75"
2023-02-18,UA SKAG,"0,69"
2023-02-18,MX Discovery,"0,68"
2023-02-18,IL SKAG,"0,55"
2023-02-18,AL Discovery,"0,55"
2023-02-18,EG Discovery,"0,55"
2023-02-18,US_prod_page,"0,50"
2023-02-18,CO Discovery,"0,50"
2023-02-18,KZ Discovery,"0,47"
2023-02-18,TH SKAG,"0,42"
2023-02-18,KH Discovery,"0,42"
2023-02-18,IN SKAG,"0,42"
2023-02-18,TW SKAG,"0,41"
2023-02-18,PH Discovery,"0,40"
2023-02-18,UK_prod_page,"0,39"
2023-02-18,QA Discovery,"0,38"
2023-02-18,AZ Discovery,"0,32"
2023-02-18,IE Discovery,"0,31"
2023-02-18,MY Discovery,"0,31"
2023-02-18,PK Discovery,"0,31"
2023-02-18,OM Discovery,"0,31"
2023-02-18,HR SKAG,"0,30"
2023-02-18,FI SKAG,"0,30"
2023-02-18,EC Discovery,"0,30"
2023-02-18,VN Discovery,"0,29"
2023-02-18,SG Discovery,"0,28"
2023-02-18,UAE Common_,"0,25"
2023-02-18,GR Discovery,"0,25"
2023-02-18,FI Discovery,"0,25"
2023-02-18,SA Discovery,"0,24"
2023-02-18,HU SKAG,"0,22"
2023-02-18,IE SKAG,"0,21"
2023-02-18,CO SKAG,"0,21"
2023-02-18,KW SKAG,"0,18"
2023-02-18,JO Discovery,"0,16"
2023-02-18,HU Discovery,"0,15"
2023-02-18,KW Discovery,"0,15"
2023-02-18,PT Common_,"0,14"
2023-02-18,MO Discovery,"0,12"
2023-02-18,QA SKAG,"0,11"
2023-02-18,IN Discovery,"0,10"
2023-02-18,DE_prod_page,"0,10"
2023-02-18,AL SKAG,"0,09"
2023-02-18,EG SKAG,"0,06"
2023-02-18,PE SKAG,"0,03"
2023-02-18,LB SKAG,"0,02"
2023-02-18,OM SKAG,"0,02"
2023-02-18,MO SKAG,"0,02"
2023-02-18,KZ SKAG,"0,01"
2023-02-18,EC SKAG,"0,01"
2023-02-18,PE Discovery,"0,00"
2023-02-19,US Common_,"106,67"
2023-02-19,FR Common_,"59,39"
2023-02-19,DE Common_,"14,67"
2023-02-19,NZ Common_,"11,72"
2023-02-19,UK Common_,"10,99"
2023-02-19,ZA Discovery,"10,21"
2023-02-19,CA Common_,"8,58"
2023-02-19,DK SKAG,"6,75"
2023-02-19,JP Common_,"6,19"
2023-02-19,ID SKAG,"5,73"
2023-02-19,PH SKAG,"4,64"
2023-02-19,PL Discovery,"4,13"
2023-02-19,CH Common_,"3,92"
2023-02-19,AU SKAG_,"3,72"
2023-02-19,UA Discovery,"3,60"
2023-02-19,NL Common_,"3,57"
2023-02-19,RO Discovery,"3,33"
2023-02-19,SP Common_,"3,19"
2023-02-19,ZA SKAG,"2,85"
2023-02-19,HK Discovery,"2,51"
2023-02-19,PL SKAG,"2,50"
2023-02-19,CZ Discovery,"2,46"
2023-02-19,MX SKAG,"2,32"
2023-02-19,SE SKAG,"2,25"
2023-02-19,MY SKAG,"2,02"
2023-02-19,VN SKAG,"1,91"
2023-02-19,AU Discovery,"1,88"
2023-02-19,AT Common_,"1,87"
2023-02-19,ID Discovery,"1,85"
2023-02-19,CL Common_,"1,69"
2023-02-19,NW Common_,"1,68"
2023-02-19,IT Common_,"1,58"
2023-02-19,GR SKAG,"1,56"
2023-02-19,SE Discovery,"1,45"
2023-02-19,BE Discovery,"1,30"
2023-02-19,SA SKAG,"1,27"
2023-02-19,US Search Tab_Return,"1,26"
2023-02-19,TH Discovery,"1,24"
2023-02-19,AR Discovery,"1,23"
2023-02-19,BE SKAG,"1,12"
2023-02-19,IL Discovery,"1,11"
2023-02-19,UA SKAG,"1,04"
2023-02-19,KR SKAG_,"1,01"
2023-02-19,CZ SKAG,"1,00"
2023-02-19,IN SKAG,"0,96"
2023-02-19,TH SKAG,"0,96"
2023-02-19,PK Discovery,"0,94"
2023-02-19,IE SKAG,"0,92"
2023-02-19,SG SKAG,"0,90"
2023-02-19,CO Discovery,"0,83"
2023-02-19,AR Skag,"0,76"
2023-02-19,HU SKAG,"0,76"
2023-02-19,UK_prod_page,"0,74"
2023-02-19,LB Discovery,"0,70"
2023-02-19,HR SKAG,"0,69"
2023-02-19,MY Discovery,"0,69"
2023-02-19,KZ Discovery,"0,64"
2023-02-19,EG Discovery,"0,62"
2023-02-19,QA Discovery,"0,61"
2023-02-19,RO SKAG,"0,59"
2023-02-19,HU Discovery,"0,58"
2023-02-19,IL SKAG,"0,55"
2023-02-19,FI Discovery,"0,53"
2023-02-19,MX Discovery,"0,52"
2023-02-19,AU_product_page,"0,51"
2023-02-19,FI SKAG,"0,47"
2023-02-19,SG Discovery,"0,46"
2023-02-19,TW Discovery,"0,45"
2023-02-19,PH Discovery,"0,45"
2023-02-19,HK SKAG,"0,44"
2023-02-19,DK Discovery,"0,41"
2023-02-19,AZ Discovery,"0,40"
2023-02-19,KH Discovery,"0,35"
2023-02-19,AL Discovery,"0,33"
2023-02-19,IE Discovery,"0,33"
2023-02-19,OM Discovery,"0,32"
2023-02-19,SA Discovery,"0,29"
2023-02-19,VN Discovery,"0,28"
2023-02-19,UAE Common_,"0,23"
2023-02-19,PE SKAG,"0,21"
2023-02-19,OM SKAG,"0,20"
2023-02-19,EC Discovery,"0,19"
2023-02-19,CO SKAG,"0,16"
2023-02-19,JO Discovery,"0,13"
2023-02-19,DE_prod_page,"0,13"
2023-02-19,PE Discovery,"0,12"
2023-02-19,IN Discovery,"0,11"
2023-02-19,GR Discovery,"0,08"
2023-02-19,EG SKAG,"0,07"
2023-02-19,AL SKAG,"0,07"
2023-02-19,QA SKAG,"0,07"
2023-02-19,PK SKAG,"0,06"
2023-02-19,KW SKAG,"0,06"
2023-02-19,KW Discovery,"0,06"
2023-02-19,LB SKAG,"0,06"
2023-02-19,TW SKAG,"0,05"
2023-02-19,PT Common_,"0,04"
2023-02-19,HR Discovery,"0,04"
2023-02-19,JO SKAG,"0,03"
2023-02-19,KZ SKAG,"0,02"
2023-02-20,US Common_,"133,83"
2023-02-20,FR Common_,"49,77"
2023-02-20,LB Discovery,"21,11"
2023-02-20,NZ Common_,"15,87"
2023-02-20,UK Common_,"14,90"
2023-02-20,DE Common_,"14,89"
2023-02-20,ZA Discovery,"13,40"
2023-02-20,IL Discovery,"12,90"
2023-02-20,CA Common_,"10,13"
2023-02-20,AU SKAG_,"7,05"
2023-02-20,JP Common_,"6,86"
2023-02-20,RO Discovery,"4,88"
2023-02-20,SP Common_,"4,74"
2023-02-20,PL Discovery,"4,66"
2023-02-20,ZA SKAG,"4,05"
2023-02-20,PL SKAG,"4,01"
2023-02-20,PH SKAG,"3,99"
2023-02-20,ID SKAG,"3,81"
2023-02-20,UA Discovery,"3,30"
2023-02-20,MX SKAG,"2,79"
2023-02-20,ID Discovery,"2,53"
2023-02-20,AU Discovery,"2,49"
2023-02-20,NL Common_,"2,42"
2023-02-20,VN SKAG,"2,33"
2023-02-20,NW Common_,"1,99"
2023-02-20,MY SKAG,"1,98"
2023-02-20,TH Discovery,"1,97"
2023-02-20,GR SKAG,"1,97"
2023-02-20,CH Common_,"1,95"
2023-02-20,IT Common_,"1,62"
2023-02-20,SG SKAG,"1,42"
2023-02-20,DK SKAG,"1,36"
2023-02-20,SE Discovery,"1,29"
2023-02-20,TH SKAG,"1,24"
2023-02-20,KR SKAG_,"1,23"
2023-02-20,AR Discovery,"1,21"
2023-02-20,BE Discovery,"1,17"
2023-02-20,CZ Discovery,"1,13"
2023-02-20,SA Discovery,"1,13"
2023-02-20,US Search Tab_Return,"1,09"
2023-02-20,CL Common_,"1,01"
2023-02-20,IN SKAG,"0,99"
2023-02-20,HK Discovery,"0,99"
2023-02-20,AT Common_,"0,98"
2023-02-20,UA SKAG,"0,92"
2023-02-20,JO Discovery,"0,88"
2023-02-20,CZ SKAG,"0,87"
2023-02-20,PK Discovery,"0,83"
2023-02-20,IE Discovery,"0,77"
2023-02-20,BE SKAG,"0,76"
2023-02-20,CO Discovery,"0,75"
2023-02-20,IE SKAG,"0,74"
2023-02-20,DE_prod_page,"0,73"
2023-02-20,SE SKAG,"0,72"
2023-02-20,MX Discovery,"0,67"
2023-02-20,EG Discovery,"0,67"
2023-02-20,AR Skag,"0,65"
2023-02-20,FI Discovery,"0,49"
2023-02-20,HK SKAG,"0,48"
2023-02-20,AL Discovery,"0,46"
2023-02-20,KZ Discovery,"0,45"
2023-02-20,SA SKAG,"0,44"
2023-02-20,QA Discovery,"0,44"
2023-02-20,AZ Discovery,"0,41"
2023-02-20,OM Discovery,"0,39"
2023-02-20,GR Discovery,"0,36"
2023-02-20,EC Discovery,"0,36"
2023-02-20,US_prod_page,"0,34"
2023-02-20,TW Discovery,"0,33"
2023-02-20,UK_prod_page,"0,30"
2023-02-20,IL SKAG,"0,28"
2023-02-20,VN Discovery,"0,28"
2023-02-20,PH Discovery,"0,28"
2023-02-20,PE Discovery,"0,26"
2023-02-20,FI SKAG,"0,25"
2023-02-20,HR Discovery,"0,25"
2023-02-20,MY Discovery,"0,25"
2023-02-20,HR SKAG,"0,24"
2023-02-20,KH Discovery,"0,23"
2023-02-20,DK Discovery,"0,21"
2023-02-20,IN Discovery,"0,19"
2023-02-20,AU_product_page,"0,19"
2023-02-20,HU Discovery,"0,18"
2023-02-20,TW SKAG,"0,17"
2023-02-20,KW Discovery,"0,14"
2023-02-20,HU SKAG,"0,14"
2023-02-20,NZ_product_page,"0,14"
2023-02-20,UAE Common_,"0,12"
2023-02-20,SG Discovery,"0,12"
2023-02-20,QA SKAG,"0,10"
2023-02-20,CO SKAG,"0,09"
2023-02-20,OM SKAG,"0,07"
2023-02-20,MO Discovery,"0,07"
2023-02-20,PT Common_,"0,06"
2023-02-20,AL SKAG,"0,05"
2023-02-20,RO SKAG,"0,05"
2023-02-20,PE SKAG,"0,05"
2023-02-20,EG SKAG,"0,04"
2023-02-20,EC SKAG,"0,02"
2023-02-20,AZ SKAG,"0,02"
2023-02-20,KZ SKAG,"0,01"
2023-02-21,US Common_,"170,80"
2023-02-21,FR Common_,"28,23"
2023-02-21,NZ Common_,"21,30"
2023-02-21,LB Discovery,"18,42"
2023-02-21,UK Common_,"15,47"
2023-02-21,CA Common_,"12,44"
2023-02-21,DE Common_,"12,18"
2023-02-21,MX SKAG,"5,73"
2023-02-21,ZA Discovery,"5,71"
2023-02-21,JP Common_,"5,59"
2023-02-21,SP Common_,"4,59"
2023-02-21,ID SKAG,"4,02"
2023-02-21,AU SKAG_,"3,98"
2023-02-21,UA Discovery,"3,73"
2023-02-21,AU Discovery,"3,49"
2023-02-21,RO Discovery,"3,24"
2023-02-21,MY SKAG,"2,86"
2023-02-21,US Search Tab_Return,"2,47"
2023-02-21,ZA SKAG,"2,42"
2023-02-21,AR Discovery,"2,13"
2023-02-21,ID Discovery,"1,97"
2023-02-21,PL SKAG,"1,92"
2023-02-21,PH SKAG,"1,83"
2023-02-21,VN SKAG,"1,78"
2023-02-21,CH Common_,"1,78"
2023-02-21,TH Discovery,"1,66"
2023-02-21,PL Discovery,"1,60"
2023-02-21,DK SKAG,"1,54"
2023-02-21,NL Common_,"1,49"
2023-02-21,HK Discovery,"1,46"
2023-02-21,GR SKAG,"1,46"
2023-02-21,HK SKAG,"1,39"
2023-02-21,SA SKAG,"1,38"
2023-02-21,AU_product_page,"1,04"
2023-02-21,NW Common_,"1,01"
2023-02-21,KZ Discovery,"0,97"
2023-02-21,SE SKAG,"0,92"
2023-02-21,IN SKAG,"0,92"
2023-02-21,CO Discovery,"0,91"
2023-02-21,IL Discovery,"0,91"
2023-02-21,UA SKAG,"0,84"
2023-02-21,BE SKAG,"0,84"
2023-02-21,IT Common_,"0,79"
2023-02-21,KR SKAG_,"0,74"
2023-02-21,SA Discovery,"0,74"
2023-02-21,TW Discovery,"0,73"
2023-02-21,EG Discovery,"0,71"
2023-02-21,EC Discovery,"0,68"
2023-02-21,DE_prod_page,"0,66"
2023-02-21,MX Discovery,"0,64"
2023-02-21,CL Common_,"0,63"
2023-02-21,BE Discovery,"0,61"
2023-02-21,CZ Discovery,"0,58"
2023-02-21,PK Discovery,"0,56"
2023-02-21,CZ SKAG,"0,56"
2023-02-21,SE Discovery,"0,51"
2023-02-21,SG SKAG,"0,50"
2023-02-21,HU SKAG,"0,48"
2023-02-21,KH Discovery,"0,44"
2023-02-21,HU Discovery,"0,43"
2023-02-21,SG Discovery,"0,42"
2023-02-21,AT Common_,"0,40"
2023-02-21,AZ Discovery,"0,33"
2023-02-21,VN Discovery,"0,32"
2023-02-21,MY Discovery,"0,32"
2023-02-21,PH Discovery,"0,30"
2023-02-21,AR Skag,"0,29"
2023-02-21,FI Discovery,"0,27"
2023-02-21,UAE Common_,"0,26"
2023-02-21,AL Discovery,"0,25"
2023-02-21,IL SKAG,"0,24"
2023-02-21,NZ_product_page,"0,23"
2023-02-21,US_prod_page,"0,22"
2023-02-21,TH SKAG,"0,22"
2023-02-21,IN Discovery,"0,21"
2023-02-21,OM Discovery,"0,19"
2023-02-21,UK_prod_page,"0,18"
2023-02-21,GR Discovery,"0,17"
2023-02-21,RO SKAG,"0,16"
2023-02-21,IE SKAG,"0,14"
2023-02-21,IE Discovery,"0,14"
2023-02-21,HR SKAG,"0,13"
2023-02-21,CO SKAG,"0,12"
2023-02-21,PE SKAG,"0,11"
2023-02-21,PE Discovery,"0,11"
2023-02-21,QA Discovery,"0,11"
2023-02-21,QA SKAG,"0,11"
2023-02-21,KW Discovery,"0,08"
2023-02-21,PT Common_,"0,08"
2023-02-21,KW SKAG,"0,07"
2023-02-21,EC SKAG,"0,07"
2023-02-21,OM SKAG,"0,06"
2023-02-21,EG SKAG,"0,06"
2023-02-21,HR Discovery,"0,05"
2023-02-21,FI SKAG,"0,05"
2023-02-21,JO Discovery,"0,04"
2023-02-21,DK Discovery,"0,04"
2023-02-21,KZ SKAG,"0,03"
2023-02-21,PK SKAG,"0,03"
2023-02-21,AZ SKAG,"0,02"
2023-02-22,US Common_,"189,60"
2023-02-22,NZ Common_,"29,40"
2023-02-22,UK Common_,"25,05"
2023-02-22,LB Discovery,"17,81"
2023-02-22,FR Common_,"13,10"
2023-02-22,CA Common_,"11,53"
2023-02-22,DE Common_,"8,18"
2023-02-22,JP Common_,"6,25"
2023-02-22,AU SKAG_,"4,96"
2023-02-22,ID SKAG,"3,92"
2023-02-22,ZA Discovery,"3,82"
2023-02-22,SP Common_,"3,77"
2023-02-22,MX SKAG,"3,62"
2023-02-22,UA Discovery,"3,49"
2023-02-22,RO Discovery,"2,82"
2023-02-22,ID Discovery,"2,37"
2023-02-22,IL Discovery,"2,27"
2023-02-22,MY SKAG,"2,14"
2023-02-22,ZA SKAG,"2,11"
2023-02-22,US Search Tab_Return,"2,07"
2023-02-22,AR Discovery,"2,06"
2023-02-22,CH Common_,"1,97"
2023-02-22,TH Discovery,"1,93"
2023-02-22,VN SKAG,"1,89"
2023-02-22,NL Common_,"1,88"
2023-02-22,GR SKAG,"1,56"
2023-02-22,IT Common_,"1,52"
2023-02-22,DK SKAG,"1,50"
2023-02-22,SA SKAG,"1,42"
2023-02-22,AU Discovery,"1,38"
2023-02-22,NW Common_,"1,36"
2023-02-22,HK Discovery,"1,24"
2023-02-22,PL SKAG,"1,22"
2023-02-22,KZ Discovery,"1,12"
2023-02-22,IN SKAG,"1,09"
2023-02-22,SE Discovery,"1,08"
2023-02-22,KR SKAG_,"0,99"
2023-02-22,SE SKAG,"0,97"
2023-02-22,PH SKAG,"0,91"
2023-02-22,CZ SKAG,"0,90"
2023-02-22,BE Discovery,"0,90"
2023-02-22,CL Common_,"0,80"
2023-02-22,AR Skag,"0,77"
2023-02-22,UK_prod_page,"0,77"
2023-02-22,EG Discovery,"0,74"
2023-02-22,MY Discovery,"0,72"
2023-02-22,SA Discovery,"0,71"
2023-02-22,CZ Discovery,"0,69"
2023-02-22,QA Discovery,"0,66"
2023-02-22,SG Discovery,"0,61"
2023-02-22,AT Common_,"0,61"
2023-02-22,PL Discovery,"0,56"
2023-02-22,CO Discovery,"0,52"
2023-02-22,UA SKAG,"0,50"
2023-02-22,VN Discovery,"0,50"
2023-02-22,HK SKAG,"0,46"
2023-02-22,TH SKAG,"0,46"
2023-02-22,HR SKAG,"0,46"
2023-02-22,UAE Common_,"0,39"
2023-02-22,PH Discovery,"0,36"
2023-02-22,TW Discovery,"0,35"
2023-02-22,MX Discovery,"0,35"
2023-02-22,FI SKAG,"0,34"
2023-02-22,FI Discovery,"0,33"
2023-02-22,IN Discovery,"0,32"
2023-02-22,IE Discovery,"0,32"
2023-02-22,PK Discovery,"0,31"
2023-02-22,AZ Discovery,"0,31"
2023-02-22,KH Discovery,"0,27"
2023-02-22,JO Discovery,"0,26"
2023-02-22,GR Discovery,"0,25"
2023-02-22,AU_product_page,"0,24"
2023-02-22,BE SKAG,"0,23"
2023-02-22,IE SKAG,"0,23"
2023-02-22,AL Discovery,"0,22"
2023-02-22,CO SKAG,"0,22"
2023-02-22,HU SKAG,"0,20"
2023-02-22,EC Discovery,"0,17"
2023-02-22,DE_prod_page,"0,13"
2023-02-22,KW Discovery,"0,13"
2023-02-22,PT Common_,"0,12"
2023-02-22,US_prod_page,"0,12"
2023-02-22,PE SKAG,"0,10"
2023-02-22,KZ SKAG,"0,10"
2023-02-22,OM Discovery,"0,10"
2023-02-22,HU Discovery,"0,09"
2023-02-22,EG SKAG,"0,08"
2023-02-22,RO SKAG,"0,05"
2023-02-22,NZ_product_page,"0,05"
2023-02-22,OM SKAG,"0,05"
2023-02-22,SG SKAG,"0,03"
2023-02-22,AZ SKAG,"0,03"
2023-02-22,AL SKAG,"0,02"
2023-02-22,TW SKAG,"0,02"
2023-02-22,EC SKAG,"0,01"
2023-02-22,PE Discovery,"0,01"
2023-02-22,IL SKAG,"0,01"
2023-02-22,PK SKAG,"0,01"
2023-02-22,KW SKAG,"0,00"
2023-02-23,US Common_,"167,88"
2023-02-23,NZ Common_,"34,72"
2023-02-23,DE Common_,"24,42"
2023-02-23,UK Common_,"16,87"
2023-02-23,LB Discovery,"14,58"
2023-02-23,CA Common_,"11,03"
2023-02-23,FR Common_,"9,02"
2023-02-23,ID SKAG,"4,89"
2023-02-23,SP Common_,"4,60"
2023-02-23,AU SKAG_,"4,02"
2023-02-23,JP Common_,"3,63"
2023-02-23,ZA Discovery,"3,41"
2023-02-23,ID Discovery,"3,19"
2023-02-23,UA Discovery,"3,06"
2023-02-23,TH Discovery,"2,83"
2023-02-23,US Search Tab_Return,"2,65"
2023-02-23,MX SKAG,"2,64"
2023-02-23,IL Discovery,"2,52"
2023-02-23,NL Common_,"2,39"
2023-02-23,MY SKAG,"2,33"
2023-02-23,CH Common_,"2,31"
2023-02-23,PH SKAG,"2,15"
2023-02-23,SA SKAG,"2,08"
2023-02-23,IT Common_,"2,01"
2023-02-23,RO Discovery,"1,96"
2023-02-23,NW Common_,"1,79"
2023-02-23,ZA SKAG,"1,68"
2023-02-23,HK SKAG,"1,67"
2023-02-23,MX Discovery,"1,63"
2023-02-23,AR Discovery,"1,62"
2023-02-23,AU Discovery,"1,53"
2023-02-23,AZ Discovery,"1,53"
2023-02-23,VN SKAG,"1,39"
2023-02-23,PL Discovery,"1,36"
2023-02-23,SE Discovery,"1,33"
2023-02-23,CZ Discovery,"1,04"
2023-02-23,IL SKAG,"1,04"
2023-02-23,AR Skag,"1,03"
2023-02-23,DK SKAG,"0,96"
2023-02-23,PL SKAG,"0,86"
2023-02-23,KZ Discovery,"0,78"
2023-02-23,AT Common_,"0,76"
2023-02-23,IE SKAG,"0,74"
2023-02-23,KR SKAG_,"0,73"
2023-02-23,HK Discovery,"0,71"
2023-02-23,CZ SKAG,"0,70"
2023-02-23,BE Discovery,"0,69"
2023-02-23,BE SKAG,"0,68"
2023-02-23,CL Common_,"0,66"
2023-02-23,KH Discovery,"0,55"
2023-02-23,MY Discovery,"0,54"
2023-02-23,SG Discovery,"0,54"
2023-02-23,CO Discovery,"0,52"
2023-02-23,UA SKAG,"0,50"
2023-02-23,GR SKAG,"0,50"
2023-02-23,TW Discovery,"0,48"
2023-02-23,SA Discovery,"0,47"
2023-02-23,IE Discovery,"0,47"
2023-02-23,EG Discovery,"0,46"
2023-02-23,AU_product_page,"0,45"
2023-02-23,AL Discovery,"0,44"
2023-02-23,PK Discovery,"0,42"
2023-02-23,SE SKAG,"0,41"
2023-02-23,IN Discovery,"0,38"
2023-02-23,PH Discovery,"0,37"
2023-02-23,UAE Common_,"0,33"
2023-02-23,HR SKAG,"0,32"
2023-02-23,PE SKAG,"0,31"
2023-02-23,VN Discovery,"0,30"
2023-02-23,KW Discovery,"0,30"
2023-02-23,US_prod_page,"0,28"
2023-02-23,FI Discovery,"0,27"
2023-02-23,GR Discovery,"0,27"
2023-02-23,RO SKAG,"0,24"
2023-02-23,UK_prod_page,"0,23"
2023-02-23,EG SKAG,"0,23"
2023-02-23,SG SKAG,"0,19"
2023-02-23,KH SKAG,"0,19"
2023-02-23,TW SKAG,"0,19"
2023-02-23,DE_prod_page,"0,19"
2023-02-23,PE Discovery,"0,19"
2023-02-23,IN SKAG,"0,15"
2023-02-23,DK Discovery,"0,15"
2023-02-23,KZ SKAG,"0,14"
2023-02-23,JO Discovery,"0,13"
2023-02-23,PT Common_,"0,13"
2023-02-23,HU SKAG,"0,13"
2023-02-23,HU Discovery,"0,13"
2023-02-23,KW SKAG,"0,12"
2023-02-23,QA Discovery,"0,11"
2023-02-23,OM Discovery,"0,11"
2023-02-23,EC Discovery,"0,10"
2023-02-23,AL SKAG,"0,08"
2023-02-23,CO SKAG,"0,08"
2023-02-23,OM SKAG,"0,06"
2023-02-23,HR Discovery,"0,06"
2023-02-23,MO Discovery,"0,05"
2023-02-23,LB SKAG,"0,04"
2023-02-23,AZ SKAG,"0,04"
2023-02-23,NZ_product_page,"0,04"
2023-02-23,QA SKAG,"0,03"
2023-02-23,FI SKAG,"0,02"
2023-02-23,EC SKAG,"0,01"
2023-02-23,PK SKAG,"0,01"
2023-02-24,US Common_,"132,53"
2023-02-24,NZ Common_,"40,33"
2023-02-24,DE Common_,"23,13"
2023-02-24,UK Common_,"11,87"
2023-02-24,FR Common_,"8,84"
2023-02-24,LB Discovery,"8,53"
2023-02-24,AU SKAG_,"7,10"
2023-02-24,JP Common_,"6,42"
2023-02-24,SP Common_,"4,70"
2023-02-24,NL Common_,"4,17"
2023-02-24,CA Common_,"3,84"
2023-02-24,ID SKAG,"3,46"
2023-02-24,CZ Discovery,"3,29"
2023-02-24,UA Discovery,"2,94"
2023-02-24,MY SKAG,"2,71"
2023-02-24,MX SKAG,"2,67"
2023-02-24,AU Discovery,"2,66"
2023-02-24,US Search Tab_Return,"2,62"
2023-02-24,CH Common_,"2,60"
2023-02-24,ZA Discovery,"2,57"
2023-02-24,VN SKAG,"2,50"
2023-02-24,GR SKAG,"2,32"
2023-02-24,TH Discovery,"2,03"
2023-02-24,AR Discovery,"1,97"
2023-02-24,ID Discovery,"1,97"
2023-02-24,ZA SKAG,"1,74"
2023-02-24,IT Common_,"1,68"
2023-02-24,PL SKAG,"1,59"
2023-02-24,PH SKAG,"1,49"
2023-02-24,RO Discovery,"1,48"
2023-02-24,PL Discovery,"1,39"
2023-02-24,HK SKAG,"1,38"
2023-02-24,DK SKAG,"1,33"
2023-02-24,AT Common_,"1,21"
2023-02-24,NW Common_,"1,14"
2023-02-24,HK Discovery,"1,12"
2023-02-24,AR Skag,"1,10"
2023-02-24,AU_product_page,"1,02"
2023-02-24,KZ Discovery,"0,97"
2023-02-24,SA SKAG,"0,96"
2023-02-24,KR SKAG_,"0,87"
2023-02-24,CZ SKAG,"0,82"
2023-02-24,IE Discovery,"0,79"
2023-02-24,MY Discovery,"0,73"
2023-02-24,SE Discovery,"0,72"
2023-02-24,CL Common_,"0,71"
2023-02-24,UA SKAG,"0,67"
2023-02-24,IL Discovery,"0,66"
2023-02-24,TH SKAG,"0,66"
2023-02-24,SG Discovery,"0,65"
2023-02-24,SE SKAG,"0,65"
2023-02-24,BE SKAG,"0,62"
2023-02-24,MX Discovery,"0,59"
2023-02-24,AL Discovery,"0,59"
2023-02-24,BE Discovery,"0,57"
2023-02-24,HR SKAG,"0,55"
2023-02-24,US_prod_page,"0,53"
2023-02-24,UK_prod_page,"0,52"
2023-02-24,PK Discovery,"0,50"
2023-02-24,AZ Discovery,"0,49"
2023-02-24,KH Discovery,"0,40"
2023-02-24,SA Discovery,"0,38"
2023-02-24,DK Discovery,"0,36"
2023-02-24,RO SKAG,"0,36"
2023-02-24,EC Discovery,"0,35"
2023-02-24,UAE Common_,"0,32"
2023-02-24,VN Discovery,"0,26"
2023-02-24,PH Discovery,"0,26"
2023-02-24,CO Discovery,"0,26"
2023-02-24,EG Discovery,"0,25"
2023-02-24,IN SKAG,"0,25"
2023-02-24,TW Discovery,"0,25"
2023-02-24,HU Discovery,"0,25"
2023-02-24,IN Discovery,"0,21"
2023-02-24,FI SKAG,"0,20"
2023-02-24,EG SKAG,"0,18"
2023-02-24,HU SKAG,"0,18"
2023-02-24,NZ_product_page,"0,13"
2023-02-24,PE Discovery,"0,11"
2023-02-24,QA Discovery,"0,10"
2023-02-24,CO SKAG,"0,10"
2023-02-24,GR Discovery,"0,10"
2023-02-24,HR Discovery,"0,10"
2023-02-24,PE SKAG,"0,09"
2023-02-24,PT Common_,"0,09"
2023-02-24,KZ SKAG,"0,08"
2023-02-24,JO Discovery,"0,08"
2023-02-24,KW Discovery,"0,07"
2023-02-24,QA SKAG,"0,07"
2023-02-24,EC SKAG,"0,06"
2023-02-24,AL SKAG,"0,06"
2023-02-24,FI Discovery,"0,05"
2023-02-24,KW SKAG,"0,04"
2023-02-24,IL SKAG,"0,03"
2023-02-24,TW SKAG,"0,03"
2023-02-24,OM Discovery,"0,03"
2023-02-24,SG SKAG,"0,00"
2023-02-24,IE SKAG,"0,00"
2023-02-25,US Common_,"136,68"
2023-02-25,NZ Common_,"40,70"
2023-02-25,DE Common_,"17,53"
2023-02-25,FR Common_,"12,45"
2023-02-25,UK Common_,"9,33"
2023-02-25,CA Common_,"7,86"
2023-02-25,JP Common_,"7,40"
2023-02-25,AU SKAG_,"6,56"
2023-02-25,SP Common_,"5,44"
2023-02-25,CH Common_,"4,00"
2023-02-25,ZA Discovery,"3,91"
2023-02-25,IT Common_,"3,79"
2023-02-25,NL Common_,"3,60"
2023-02-25,AU Discovery,"3,12"
2023-02-25,SA SKAG,"3,04"
2023-02-25,ID SKAG,"2,90"
2023-02-25,MY SKAG,"2,78"
2023-02-25,PH SKAG,"2,76"
2023-02-25,VN SKAG,"2,45"
2023-02-25,MX SKAG,"2,40"
2023-02-25,TH Discovery,"2,26"
2023-02-25,DK SKAG,"2,25"
2023-02-25,AR Discovery,"2,20"
2023-02-25,US Search Tab_Return,"2,20"
2023-02-25,LB Discovery,"2,13"
2023-02-25,PL Discovery,"2,01"
2023-02-25,UA Discovery,"1,88"
2023-02-25,AT Common_,"1,79"
2023-02-25,ID Discovery,"1,55"
2023-02-25,GR SKAG,"1,37"
2023-02-25,CL Common_,"1,33"
2023-02-25,PL SKAG,"1,31"
2023-02-25,ZA SKAG,"1,23"
2023-02-25,CZ Discovery,"1,18"
2023-02-25,CZ SKAG,"1,11"
2023-02-25,NW Common_,"1,07"
2023-02-25,TH SKAG,"1,06"
2023-02-25,RO Discovery,"1,04"
2023-02-25,BE SKAG,"1,00"
2023-02-25,KR SKAG_,"0,90"
2023-02-25,AL Discovery,"0,87"
2023-02-25,PK Discovery,"0,82"
2023-02-25,AR Skag,"0,81"
2023-02-25,SG Discovery,"0,78"
2023-02-25,BE Discovery,"0,76"
2023-02-25,HK SKAG,"0,72"
2023-02-25,HK Discovery,"0,72"
2023-02-25,QA Discovery,"0,62"
2023-02-25,AU_product_page,"0,58"
2023-02-25,SE Discovery,"0,56"
2023-02-25,FI Discovery,"0,56"
2023-02-25,EG Discovery,"0,53"
2023-02-25,IE Discovery,"0,50"
2023-02-25,MY Discovery,"0,49"
2023-02-25,RO SKAG,"0,49"
2023-02-25,IL Discovery,"0,49"
2023-02-25,HU Discovery,"0,48"
2023-02-25,MX Discovery,"0,43"
2023-02-25,UK_prod_page,"0,42"
2023-02-25,KZ Discovery,"0,37"
2023-02-25,DE_prod_page,"0,35"
2023-02-25,PH Discovery,"0,35"
2023-02-25,UA SKAG,"0,34"
2023-02-25,IN Discovery,"0,31"
2023-02-25,KH Discovery,"0,31"
2023-02-25,SG SKAG,"0,31"
2023-02-25,VN Discovery,"0,31"
2023-02-25,EC Discovery,"0,30"
2023-02-25,TW Discovery,"0,30"
2023-02-25,SE SKAG,"0,29"
2023-02-25,AZ Discovery,"0,26"
2023-02-25,CO Discovery,"0,26"
2023-02-25,HU SKAG,"0,25"
2023-02-25,GR Discovery,"0,24"
2023-02-25,IE SKAG,"0,24"
2023-02-25,SA Discovery,"0,23"
2023-02-25,HR Discovery,"0,22"
2023-02-25,US_prod_page,"0,20"
2023-02-25,AL SKAG,"0,18"
2023-02-25,KW Discovery,"0,17"
2023-02-25,UAE Common_,"0,17"
2023-02-25,PT Common_,"0,15"
2023-02-25,HR SKAG,"0,15"
2023-02-25,OM Discovery,"0,12"
2023-02-25,QA SKAG,"0,12"
2023-02-25,TW SKAG,"0,10"
2023-02-25,DK Discovery,"0,09"
2023-02-25,IN SKAG,"0,07"
2023-02-25,EG SKAG,"0,07"
2023-02-25,FI SKAG,"0,07"
2023-02-25,OM SKAG,"0,07"
2023-02-25,CO SKAG,"0,07"
2023-02-25,MO Discovery,"0,05"
2023-02-25,KZ SKAG,"0,04"
2023-02-25,LB SKAG,"0,03"
2023-02-25,KW SKAG,"0,03"
2023-02-25,JO Discovery,"0,03"
2023-02-25,NZ_product_page,"0,02"
2023-02-26,US Common_,"135,74"
2023-02-26,NZ Common_,"41,98"
2023-02-26,DE Common_,"13,21"
2023-02-26,FR Common_,"12,50"
2023-02-26,UK Common_,"11,92"
2023-02-26,CA Common_,"7,76"
2023-02-26,ID SKAG,"6,82"
2023-02-26,SP Common_,"6,23"
2023-02-26,CH Common_,"5,50"
2023-02-26,AU SKAG_,"4,32"
2023-02-26,PH SKAG,"4,22"
2023-02-26,IT Common_,"4,14"
2023-02-26,NL Common_,"3,69"
2023-02-26,UA Discovery,"3,60"
2023-02-26,JP Common_,"3,53"
2023-02-26,ZA Discovery,"3,35"
2023-02-26,SA SKAG,"3,27"
2023-02-26,MY SKAG,"3,18"
2023-02-26,ID Discovery,"3,06"
2023-02-26,MX SKAG,"2,40"
2023-02-26,PL Discovery,"2,34"
2023-02-26,LB Discovery,"2,31"
2023-02-26,AU Discovery,"2,14"
2023-02-26,GR SKAG,"2,08"
2023-02-26,VN SKAG,"1,97"
2023-02-26,HK Discovery,"1,89"
2023-02-26,HR SKAG,"1,77"
2023-02-26,NW Common_,"1,52"
2023-02-26,TH Discovery,"1,49"
2023-02-26,CZ Discovery,"1,47"
2023-02-26,RO Discovery,"1,44"
2023-02-26,AT Common_,"1,37"
2023-02-26,TH SKAG,"1,36"
2023-02-26,ZA SKAG,"1,35"
2023-02-26,AR Discovery,"1,31"
2023-02-26,CZ SKAG,"1,28"
2023-02-26,DK SKAG,"1,25"
2023-02-26,AL Discovery,"1,25"
2023-02-26,BE SKAG,"1,18"
2023-02-26,CL Common_,"0,89"
2023-02-26,SE Discovery,"0,87"
2023-02-26,KR SKAG_,"0,85"
2023-02-26,AR Skag,"0,72"
2023-02-26,BE Discovery,"0,70"
2023-02-26,US Search Tab_Return,"0,69"
2023-02-26,HU Discovery,"0,62"
2023-02-26,IE SKAG,"0,61"
2023-02-26,QA Discovery,"0,59"
2023-02-26,PL SKAG,"0,57"
2023-02-26,AU_product_page,"0,57"
2023-02-26,IE Discovery,"0,52"
2023-02-26,EG Discovery,"0,51"
2023-02-26,IL Discovery,"0,50"
2023-02-26,SE SKAG,"0,49"
2023-02-26,MX Discovery,"0,48"
2023-02-26,IN Discovery,"0,44"
2023-02-26,PK Discovery,"0,42"
2023-02-26,UK_prod_page,"0,41"
2023-02-26,KH Discovery,"0,39"
2023-02-26,MY Discovery,"0,39"
2023-02-26,UA SKAG,"0,38"
2023-02-26,US_prod_page,"0,38"
2023-02-26,OM Discovery,"0,37"
2023-02-26,CO Discovery,"0,37"
2023-02-26,KZ Discovery,"0,36"
2023-02-26,DE_prod_page,"0,35"
2023-02-26,PH Discovery,"0,34"
2023-02-26,DK Discovery,"0,31"
2023-02-26,SA Discovery,"0,30"
2023-02-26,VN Discovery,"0,30"
2023-02-26,TW Discovery,"0,24"
2023-02-26,KW Discovery,"0,21"
2023-02-26,SG SKAG,"0,20"
2023-02-26,SG Discovery,"0,18"
2023-02-26,UAE Common_,"0,18"
2023-02-26,FI SKAG,"0,15"
2023-02-26,AZ Discovery,"0,15"
2023-02-26,FI Discovery,"0,15"
2023-02-26,QA SKAG,"0,15"
2023-02-26,EC Discovery,"0,14"
2023-02-26,PT Common_,"0,13"
2023-02-26,HU SKAG,"0,12"
2023-02-26,GR Discovery,"0,12"
2023-02-26,IL SKAG,"0,11"
2023-02-26,RO SKAG,"0,11"
2023-02-26,EG SKAG,"0,11"
2023-02-26,MO Discovery,"0,10"
2023-02-26,IN SKAG,"0,07"
2023-02-26,PE Discovery,"0,07"
2023-02-26,CO SKAG,"0,07"
2023-02-26,HR Discovery,"0,06"
2023-02-26,AL SKAG,"0,05"
2023-02-26,PE SKAG,"0,03"
2023-02-26,AZ SKAG,"0,02"
2023-02-26,KZ SKAG,"0,01"
2023-02-26,PK SKAG,"0,01"
2023-02-27,US Common_,"131,55"
2023-02-27,NZ Common_,"28,40"
2023-02-27,DE Common_,"19,53"
2023-02-27,FR Common_,"16,08"
2023-02-27,UK Common_,"13,42"
2023-02-27,CA Common_,"12,26"
2023-02-27,MY SKAG,"8,77"
2023-02-27,SP Common_,"4,91"
2023-02-27,ZA Discovery,"4,47"
2023-02-27,PH SKAG,"4,45"
2023-02-27,ID SKAG,"4,25"
2023-02-27,DK SKAG,"3,40"
2023-02-27,NL Common_,"3,22"
2023-02-27,JP Common_,"3,21"
2023-02-27,ID Discovery,"2,98"
2023-02-27,IT Common_,"2,97"
2023-02-27,SA SKAG,"2,86"
2023-02-27,AU Discovery,"2,49"
2023-02-27,AU SKAG_,"2,33"
2023-02-27,US Search Tab_Return,"2,22"
2023-02-27,MX SKAG,"2,21"
2023-02-27,TH Discovery,"2,13"
2023-02-27,VN SKAG,"2,03"
2023-02-27,CH Common_,"1,94"
2023-02-27,NW Common_,"1,92"
2023-02-27,UA Discovery,"1,54"
2023-02-27,SE Discovery,"1,54"
2023-02-27,HK Discovery,"1,38"
2023-02-27,GR SKAG,"1,37"
2023-02-27,AR Discovery,"1,28"
2023-02-27,CZ Discovery,"1,04"
2023-02-27,RO Discovery,"1,04"
2023-02-27,MX Discovery,"1,01"
2023-02-27,ZA SKAG,"0,98"
2023-02-27,PL SKAG,"0,97"
2023-02-27,AL Discovery,"0,94"
2023-02-27,HK SKAG,"0,93"
2023-02-27,MY Discovery,"0,91"
2023-02-27,IL Discovery,"0,90"
2023-02-27,CL Common_,"0,89"
2023-02-27,HR SKAG,"0,88"
2023-02-27,TH SKAG,"0,85"
2023-02-27,LB Discovery,"0,78"
2023-02-27,BE SKAG,"0,78"
2023-02-27,FI Discovery,"0,73"
2023-02-27,AT Common_,"0,69"
2023-02-27,IE Discovery,"0,67"
2023-02-27,BE Discovery,"0,67"
2023-02-27,KZ Discovery,"0,66"
2023-02-27,QA Discovery,"0,59"
2023-02-27,UK_prod_page,"0,57"
2023-02-27,AU_product_page,"0,57"
2023-02-27,DK Discovery,"0,52"
2023-02-27,US_prod_page,"0,51"
2023-02-27,KR SKAG_,"0,47"
2023-02-27,PH Discovery,"0,46"
2023-02-27,IN Discovery,"0,45"
2023-02-27,PK Discovery,"0,44"
2023-02-27,CZ SKAG,"0,44"
2023-02-27,CO Discovery,"0,41"
2023-02-27,EG Discovery,"0,41"
2023-02-27,UAE Common_,"0,35"
2023-02-27,KW Discovery,"0,35"
2023-02-27,SE SKAG,"0,34"
2023-02-27,KH Discovery,"0,33"
2023-02-27,VN Discovery,"0,31"
2023-02-27,SG Discovery,"0,31"
2023-02-27,SA Discovery,"0,28"
2023-02-27,TW SKAG,"0,28"
2023-02-27,PL Discovery,"0,27"
2023-02-27,HR Discovery,"0,27"
2023-02-27,AR Skag,"0,25"
2023-02-27,OM Discovery,"0,23"
2023-02-27,KW SKAG,"0,22"
2023-02-27,IN SKAG,"0,21"
2023-02-27,HU Discovery,"0,21"
2023-02-27,AZ Discovery,"0,20"
2023-02-27,TW Discovery,"0,20"
2023-02-27,EG SKAG,"0,18"
2023-02-27,MO Discovery,"0,17"
2023-02-27,JO Discovery,"0,16"
2023-02-27,HU SKAG,"0,16"
2023-02-27,PE Discovery,"0,14"
2023-02-27,UA SKAG,"0,13"
2023-02-27,GR Discovery,"0,12"
2023-02-27,CO SKAG,"0,12"
2023-02-27,DE_prod_page,"0,11"
2023-02-27,QA SKAG,"0,11"
2023-02-27,IE SKAG,"0,10"
2023-02-27,EC Discovery,"0,10"
2023-02-27,MO SKAG,"0,08"
2023-02-27,RO SKAG,"0,05"
2023-02-27,FI SKAG,"0,05"
2023-02-27,JO SKAG,"0,05"
2023-02-27,PE SKAG,"0,03"
2023-02-27,KZ SKAG,"0,03"
2023-02-27,IL SKAG,"0,03"
2023-02-27,EC SKAG,"0,02"
2023-02-27,LB SKAG,"0,02"
2023-02-27,KH SKAG,"0,01"
2023-02-27,AZ SKAG,"0,01"
2023-02-27,PT Common_,"0,01"
2023-02-27,NZ_product_page,"0,00"
2023-02-28,US Common_,"91,78"
2023-02-28,NZ Common_,"20,72"
2023-02-28,DE Common_,"18,32"
2023-02-28,MY SKAG,"13,06"
2023-02-28,FR Common_,"11,23"
2023-02-28,UK Common_,"10,91"
2023-02-28,CA Common_,"8,32"
2023-02-28,DK SKAG,"4,69"
2023-02-28,JP Common_,"4,59"
2023-02-28,ID SKAG,"4,56"
2023-02-28,SP Common_,"4,53"
2023-02-28,ZA Discovery,"3,92"
2023-02-28,AU SKAG_,"3,04"
2023-02-28,TH Discovery,"2,99"
2023-02-28,IT Common_,"2,73"
2023-02-28,PH SKAG,"2,66"
2023-02-28,ID Discovery,"2,52"
2023-02-28,MX SKAG,"2,43"
2023-02-28,GR SKAG,"2,08"
2023-02-28,AU Discovery,"1,97"
2023-02-28,AR Discovery,"1,83"
2023-02-28,NL Common_,"1,62"
2023-02-28,VN SKAG,"1,55"
2023-02-28,NW Common_,"1,47"
2023-02-28,CL Common_,"1,42"
2023-02-28,MY Discovery,"1,42"
2023-02-28,PL SKAG,"1,41"
2023-02-28,UA Discovery,"1,39"
2023-02-28,AT Common_,"1,29"
2023-02-28,SA SKAG,"1,25"
2023-02-28,US Search Tab_Return,"1,10"
2023-02-28,ZA SKAG,"1,05"
2023-02-28,HK Discovery,"1,05"
2023-02-28,CH Common_,"1,02"
2023-02-28,HK SKAG,"1,01"
2023-02-28,AU_product_page,"1,01"
2023-02-28,CZ Discovery,"1,00"
2023-02-28,BE Discovery,"0,93"
2023-02-28,SE Discovery,"0,85"
2023-02-28,KR SKAG_,"0,81"
2023-02-28,AL Discovery,"0,80"
2023-02-28,PL Discovery,"0,77"
2023-02-28,SG Discovery,"0,67"
2023-02-28,KZ Discovery,"0,61"
2023-02-28,RO Discovery,"0,58"
2023-02-28,UA SKAG,"0,57"
2023-02-28,PK Discovery,"0,56"
2023-02-28,AR Skag,"0,50"
2023-02-28,QA Discovery,"0,50"
2023-02-28,CZ SKAG,"0,47"
2023-02-28,MX Discovery,"0,47"
2023-02-28,IL Discovery,"0,44"
2023-02-28,IN Discovery,"0,43"
2023-02-28,UK_prod_page,"0,42"
2023-02-28,FI Discovery,"0,41"
2023-02-28,KH Discovery,"0,40"
2023-02-28,IE Discovery,"0,40"
2023-02-28,HR SKAG,"0,36"
2023-02-28,DK Discovery,"0,36"
2023-02-28,CO Discovery,"0,35"
2023-02-28,EG Discovery,"0,34"
2023-02-28,VN Discovery,"0,34"
2023-02-28,HU SKAG,"0,31"
2023-02-28,UAE Common_,"0,31"
2023-02-28,BE SKAG,"0,30"
2023-02-28,SA Discovery,"0,29"
2023-02-28,TW Discovery,"0,29"
2023-02-28,IN SKAG,"0,26"
2023-02-28,HU Discovery,"0,26"
2023-02-28,GR Discovery,"0,24"
2023-02-28,PH Discovery,"0,24"
2023-02-28,JO Discovery,"0,23"
2023-02-28,IL SKAG,"0,23"
2023-02-28,OM SKAG,"0,19"
2023-02-28,IE SKAG,"0,19"
2023-02-28,CO SKAG,"0,19"
2023-02-28,EG SKAG,"0,18"
2023-02-28,DE_prod_page,"0,18"
2023-02-28,AZ Discovery,"0,17"
2023-02-28,SE SKAG,"0,15"
2023-02-28,TH SKAG,"0,13"
2023-02-28,PT Common_,"0,12"
2023-02-28,MO Discovery,"0,10"
2023-02-28,FI SKAG,"0,10"
2023-02-28,AL SKAG,"0,09"
2023-02-28,KW SKAG,"0,08"
2023-02-28,US_prod_page,"0,07"
2023-02-28,OM Discovery,"0,07"
2023-02-28,KW Discovery,"0,07"
2023-02-28,HR Discovery,"0,06"
2023-02-28,TW SKAG,"0,05"
2023-02-28,QA SKAG,"0,05"
2023-02-28,PE Discovery,"0,04"
2023-02-28,SG SKAG,"0,04"
2023-02-28,JO SKAG,"0,04"
2023-02-28,PK SKAG,"0,04"
2023-02-28,AZ SKAG,"0,03"
2023-02-28,EC Discovery,"0,02"
2023-02-28,EC SKAG,"0,01"
2023-02-28,LB Discovery,"0,00"